date;type;description;city
20180115;robbery;A Man Dressed as Spider-Man Is on a Robbery Spree;NYC
20180115;murder;Life? Dont talk to me about life.;Albany
20180115;murder;Mama, I killed a man, put a gun against his head...;Reno
20180215;murder;REDACTED REDACTED REDACTED;SQL City
20180215;murder;Someone killed the guard! He took an arrow to the knee!;SQL City
20180115;theft;Big Bully stole my lunch money!;Chicago
20180115;fraud;"Lorem ipsum dolor sit amet, consectetur adipiscing elit, sed do
            eiusmod tempor incididunt ut labore et dolore magna aliqua.";Seattle
20170712;theft;"A lone hunter stalks the night, firing arrows into the Darkness.
            There is no hiding, no escape. In the distance, the beast
            falters, tethered to the void. The killing blow comes without
            hesitation, without mercy.";SQL City
20170820;arson;"Wield the Hammer of Sol with honor, Titan, it is a thing of
            legend, both past and future.";SQL City
20171110;robbery;"The Gjallarhorn shoulder-mounted rocket system was forged from
            the armor of Guardians who fell at the Twilight Gap. Gifted
            to the survivors of that terrible battle, the Gjallarhorn
            is seen as a symbol of honor and survival.";SQL City
20180103;bribery;"Apparently, Cayde thought it necessary to expose this extremely
            rare vegetable to a Hive summoning ritual.";SQL City
20180115;assault;Hamilton: Lee, do you yield? Burr: You shot him in the side! Yes he yields!;SQL City
20180115;assault;Report Not Found;SQL City
20170101;fraud;"forgotten to ask.â€™
";Long Beach
20170101;fraud;"Alice did not wish to offend the Dormouse again, so she began very
";Oceanside
20170101;theft;"â€˜Yes,â€™ said Alice, â€˜we learned French and music.â€™
";Chicago
20170101;smuggling;"â€˜Now tell me, Pat, whatâ€™s that in the window?â€™
";Gilbert
20170101;assault;"twist it up into a sort of knot, and then keep tight hold of its right
";Nashville
20170102;arson;"with a smile. There was a dead silence.
";Las Vegas
20170102;bribery;"glass table. â€˜Now, Iâ€™ll manage better this time,â€™ she said to herself,
";Riverside
20170102;theft;"days and days.â€™
";Canton
20170102;smuggling;"â€˜Yes,â€™ said Alice, â€˜we learned French and music.â€™
";Alexandria
20170103;arson;"witness.â€™ And he added in an undertone to the Queen, â€˜Really, my dear,
";Rochester
20170104;blackmail;"see what was the matter with it. There could be no doubt that it had
";Lacey
20170105;theft;"came, carried on the breeze that followed them, the melancholy words:--
";McAllen
20170105;robbery;"uglifying!â€™ it exclaimed. â€˜You know what to beautify is, I suppose?â€™
";Seaside
20170106;blackmail;"rather sharply; â€˜I advise you to leave off this minute!â€™ She generally
";Lewisville
20170106;blackmail;"CHAPTER X. The Lobster Quadrille
";Jackson
20170106;theft;"â€˜Of course it is,â€™ said the Duchess, who seemed ready to agree to
";High Point
20170107;bribery;"The hedgehog was engaged in a fight with another hedgehog, which seemed
";Lorain
20170107;smuggling;"
";Savannah
20170107;blackmail;"This answer so confused poor Alice, that she let the Dormouse go on for
";Newark
20170107;theft;"felt certain it must be really offended. â€˜We wonâ€™t talk about her any
";Oklahoma City
20170107;murder;"â€˜It proves nothing of the sort!â€™ said Alice. â€˜Why, you donâ€™t even know
";Memphis
20170108;murder;"getâ€ is the same thing as â€œI get what I likeâ€!â€™
";Round Lake Beach
20170108;theft;"Alice tried to fancy to herself what such an extraordinary ways of
";Louisville
20170108;murder;"       HEARTHRUG,
";Jacksonville
20170109;robbery;"finished, her sister kissed her, and said, â€˜It WAS a curious dream,
";Grand Rapids
20170109;fraud;"his fan and gloves--that is, if I can find them.â€™ As she said this, she
";North Port
20170109;arson;"mouth; but she did it at last, and managed to swallow a morsel of the
";Port St. Lucie
20170109;arson;"for the next moment a shower of little pebbles came rattling in at the
";Little Rock
20170109;bribery;"           condemn
";Visalia
20170110;blackmail;"Alice was not much surprised at this, she was getting so used to queer
";Kailua
20170111;murder;"
";Springdale
20170111;bribery;" (In which the cook and the baby joined):--
";Lancaster
20170112;smuggling;"
";Melbourne
20170113;fraud;"Dinah, and saying to her very earnestly, â€˜Now, Dinah, tell me the truth:
";Paterson
20170113;blackmail;"â€˜Thereâ€™s no sort of use in knocking,â€™ said the Footman, â€˜and that for
";Fort Collins
20170113;assault;"
";Reading
20170114;fraud;"â€˜Off with their heads!â€™ and the procession moved on, three of the
";Chicago
20170114;blackmail;"
";Orange
20170114;fraud;"â€˜I couldnâ€™t afford to learn it.â€™ said the Mock Turtle with a sigh. â€˜I
";Lorain
20170115;assault;"â€˜Nothing WHATEVER?â€™ persisted the King.
";Jersey City
20170115;theft;"The Knave shook his head sadly. â€˜Do I look like it?â€™ he said. (Which he
";Hollywood
20170115;robbery;"think,â€™ Alice went on, â€˜that theyâ€™d let Dinah stop in the house if it
";Cincinnati
20170116;blackmail;"
";Ontario
20170116;assault;"my fur and whiskers! Sheâ€™ll get me executed, as sure as ferrets are
";Plano
20170116;blackmail;"Fish-Footman was gone, and the other was sitting on the ground near the
";Tallahassee
20170116;bribery;"
";Memphis
20170116;smuggling;"living would be like, but it puzzled her too much, so she went on: â€˜But
";Las Cruces
20170117;assault;"with the words â€˜DRINK ME,â€™ but nevertheless she uncorked it and put it
";Anaheim
20170117;bribery;"you liked with the clock. For instance, suppose it were nine oâ€™clock in
";San Bernardino
20170118;robbery;"the pool, and the great hall, with the glass table and the little door,
";Charlotte
20170118;arson;"minute or two, which gave the Pigeon the opportunity of adding, â€˜Youâ€™re
";Wilmington
20170118;theft;"on.â€™
";Denton
20170119;smuggling;"and sadly:--
";Riverside
20170119;robbery;"
";Asheville
20170121;arson;"voice, â€˜Why the fact is, you see, Miss, this here ought to have been a
";Knoxville
20170121;murder;"her, to pass away the time.
";Murfreesboro
20170122;robbery;"
";Houston
20170122;bribery;"
";Oakland
20170122;bribery;"
";Omaha
20170122;murder;"came near her, she began, in a low, timid voice, â€˜If you please, sir--â€™
";Temecula
20170122;assault;"
";Layton
20170123;blackmail;"
";Arvada
20170123;assault;"
";Sterling Heights
20170124;arson;"
";Arlington
20170124;murder;"about something, my dear, and that makes you forget to talk. I canâ€™t
";Santa Clarita
20170124;robbery;"a little shriek, and went on: â€˜--that begins with an M, such as
";Macon
20170124;murder;"
";Waterbury
20170125;murder;"age knew the meaning of it at all. However, â€˜jury-menâ€™ would have done
";Laredo
20170125;theft;"â€˜Canâ€™t remember WHAT things?â€™ said the Caterpillar.
";New Bedford
20170126;arson;"â€˜I wonâ€™t!â€™ said Alice.
";Richmond
20170127;arson;"tried to get her head down to them, and was delighted to find that her
";Birmingham
20170127;blackmail;"thousand miles down, I think--â€™ (for, you see, Alice had learnt several
";Richland
20170128;theft;"â€˜--as far out to sea as you can--â€™
";Newark
20170128;theft;"   â€˜The Queen of Hearts, she made some tarts,
";New Orleans
20170128;assault;"wag my tail when Iâ€™m angry. Therefore Iâ€™m mad.â€™
";Nashua
20170129;arson;"of things--I canâ€™t remember half of them--and it belongs to a farmer,
";Bridgeport
20170129;bribery;"â€˜Iâ€™m sure Iâ€™m not Ada,â€™ she said, â€˜for her hair goes in such long
";Daytona Beach
20170129;blackmail;"â€˜Call the first witness,â€™ said the King; and the White Rabbit blew three
";Paterson
20170129;robbery;"
";Saint Louis
20170129;assault;"OUT OF ITS WAISTCOAT-POCKET, and looked at it, and then hurried on,
";Irving
20170130;fraud;"
";Lancaster
20170130;arson;"
";Allentown
20170130;fraud;"a bit.â€™
";Raleigh
20170131;bribery;"
";Layton
20170131;bribery;"
";Apple Valley
20170131;bribery;"every line:
";Fort Collins
20170201;fraud;"close by her.
";Tuscaloosa
20170202;blackmail;"
";Boise City
20170202;robbery;"four times seven is--oh dear! I shall never get to twenty at that rate!
";Scranton
20170202;smuggling;"She was a good deal frightened by this very sudden change, but she felt
";Mesa
20170202;smuggling;"(she was obliged to say â€˜creatures,â€™ you see, because some of them were
";Montgomery
20170203;arson;"occasional exclamation of â€˜Hjckrrh!â€™ from the Gryphon, and the constant
";Indianapolis
20170203;smuggling;"
";Montgomery
20170204;blackmail;"
";Albuquerque
20170204;theft;"
";Tyler
20170205;robbery;"The next witness was the Duchessâ€™s cook. She carried the pepper-box in
";Montgomery
20170205;robbery;"â€˜This here young lady,â€™ said the Gryphon, â€˜she wants for to know your
";Irvine
20170205;smuggling;"would change to dull reality--the grass would be only rustling in the
";Reno
20170205;bribery;"
";Round Lake Beach
20170205;fraud;"with the words â€˜DRINK ME,â€™ but nevertheless she uncorked it and put it
";Salinas
20170207;arson;"
";Jefferson
20170207;murder;"
";Amarillo
20170207;arson;" â€œThereâ€™s a porpoise close behind us, and heâ€™s treading on my tail.
";Duluth
20170208;theft;"â€˜Come on, then!â€™ roared the Queen, and Alice joined the procession,
";Thornton
20170208;fraud;"growl, â€˜the world would go round a deal faster than it does.â€™
";Portland
20170208;fraud;"up into hers--she could hear the very tones of her voice, and see that
";Marysville
20170208;smuggling;"pocket, and was looking at it uneasily, shaking it every now and then,
";Toledo
20170209;smuggling;"â€˜--as far out to sea as you can--â€™
";Canton
20170209;smuggling;"yourself.â€™
";College Station
20170210;assault;"â€˜Oh, Iâ€™ve had such a curious dream!â€™ said Alice, and she told her
";Fargo
20170210;arson;"on.â€™
";Scottsdale
20170210;blackmail;"
";McAllen
20170210;bribery;"
";Muskegon
20170211;arson;"ask: perhaps I shall see it written up somewhere.â€™
";Marina
20170212;fraud;"knowing how old it was, and, as the Lory positively refused to tell its
";West Valley City
20170212;assault;"    That your eye was as steady as ever;
";Corona
20170212;robbery;"It was high time to go, for the pool was getting quite crowded with the
";Mesa
20170212;bribery;"â€˜I couldnâ€™t help it,â€™ said Five, in a sulky tone; â€˜Seven jogged my
";Las Cruces
20170214;fraud;"â€˜Please come back and finish your story!â€™ Alice called after it; and the
";Jackson
20170214;fraud;"CHAPTER IX. The Mock Turtleâ€™s Story
";Saint Paul
20170214;assault;"
";Lake Charles
20170214;bribery;"â€˜tis love, that makes the world go round!â€â€™
";Lakeland
20170215;arson;"itself upright as it spoke (it was exactly three inches high).
";Port Arthur
20170215;theft;"the Eaglet bent down its head to hide a smile: some of the other birds
";McHenry
20170215;arson;"All the time they were playing the Queen never left off quarrelling with
";Olathe
20170215;fraud;"drunk half the bottle, she found her head pressing against the ceiling,
";Kennewick
20170215;bribery;"the executioner, the King, and the Queen, who were all talking at once,
";Naples
20170216;arson;"â€˜stupid,â€™ and that he had to ask his neighbour to tell him. â€˜A nice
";Augusta
20170216;arson;"
";Seattle
20170217;robbery;"MORE than nothing.â€™
";Scranton
20170219;theft;"keep, through all her riper years, the simple and loving heart of her
";Antioch
20170219;theft;"
";Irving
20170219;assault;"whiskers!â€™
";Kenosha
20170219;blackmail;"â€˜I didnâ€™t know it was YOUR table,â€™ said Alice; â€˜itâ€™s laid for a great
";Lubbock
20170219;assault;"â€˜Iâ€™M not a mile high,â€™ said Alice.
";Grand Rapids
20170220;murder;"
";Colorado Springs
20170220;assault;"
";Tyler
20170220;murder;"knocking, and hurried upstairs, in great fear lest she should meet the
";Madison
20170221;murder;"â€˜I HAVE tasted eggs, certainly,â€™ said Alice, who was a very truthful
";Chandler
20170221;theft;"â€˜And ever since that,â€™ the Hatter went on in a mournful tone, â€˜he wonâ€™t
";San Francisco
20170221;blackmail;"was,â€™ he said.
";Panama City
20170221;blackmail;"
";Boise
20170221;robbery;"
";Winter Haven
20170222;fraud;"could get away without being seen, when she noticed a curious appearance
";Jersey City
20170222;fraud;"â€˜You might just as well say,â€™ added the March Hare, â€˜that â€œI like what I
";Chattanooga
20170222;bribery;"
";Rochester
20170222;arson;"the teapot.
";Havre de Grace
20170222;assault;"â€˜Oh, PLEASE mind what youâ€™re doing!â€™ cried Alice, jumping up and down in
";El Monte
20170225;fraud;"â€˜What do you mean by that?â€™ said the Caterpillar sternly. â€˜Explain
";Youngstown
20170225;arson;"about the whiting!â€™
";Baltimore
20170225;murder;"
";Ontario
20170226;theft;"makes me grow smaller, I can creep under the door; so either way Iâ€™ll
";Wichita
20170226;blackmail;"yourself.â€™
";Bridgeport
20170227;murder;"name like an honest man.â€™
";Manchester
20170227;assault;"
";Reading
20170227;smuggling;"â€˜If Iâ€™d been the whiting,â€™ said Alice, whose thoughts were still running
";Fairfield
20170227;assault;"She was moving them about as she spoke, but no result seemed to follow,
";Portsmouth
20170228;blackmail;"
";Corpus Christi
20170301;assault;"
";Denver
20170301;robbery;"
";Clarksville
20170301;arson;" Would not, could not, would not, could not, could not join the dance.
";Normal
20170301;arson;"â€˜Very true,â€™ said the Duchess: â€˜flamingoes and mustard both bite. And
";Tempe
20170302;blackmail;"When she got back to the Cheshire Cat, she was surprised to find quite a
";Kenosha
20170302;robbery;"â€˜Yes, thatâ€™s it,â€™ said the Hatter with a sigh: â€˜itâ€™s always tea-time,
";Palm Bay
20170302;bribery;"The Mock Turtle went on.
";Salem
20170302;fraud;"She ate a little bit, and said anxiously to herself, â€˜Which way? Which
";Victorville
20170302;murder;"with the words â€˜DRINK ME,â€™ but nevertheless she uncorked it and put it
";Mobile
20170303;theft;"â€˜Are you content now?â€™ said the Caterpillar.
";North Las Vegas
20170303;arson;"The door led right into a large kitchen, which was full of smoke from
";San Bernardino
20170303;blackmail;"
";Bethlehem
20170303;assault;"her: she gave a little scream, half of fright and half of anger, and
";Portland
20170303;bribery;"        judge, Iâ€™ll
";Naples
20170304;fraud;"neither of the others took the least notice of her going, though she
";Costa Mesa
20170304;murder;"
";Thousand Oaks
20170304;smuggling;"jumping merrily along hand in hand, in couples: they were all ornamented
";New London
20170304;robbery;"
";Bonita Springs
20170304;robbery;"By this time she had found her way into a tidy little room with a table
";Charleston
20170307;robbery;"sort of way to fly up into a tree.
";West Covina
20170308;murder;"ground as she spoke; â€˜either you or your head must be off, and that in
";Bonita Springs
20170308;robbery;"on.â€™
";Birmingham
20170308;arson;"
";Hollywood
20170308;assault;"kind to them,â€™ thought Alice, â€˜or perhaps they wonâ€™t walk the way I want
";Des Moines
20170310;assault;"â€˜And how many hours a day did you do lessons?â€™ said Alice, in a hurry to
";Fresno
20170310;arson;"
";GreenBay
20170310;theft;"â€˜Come on, then!â€™ roared the Queen, and Alice joined the procession,
";Palm Bay
20170310;theft;"short remarks, and she drew herself up and said, very gravely, â€˜I think,
";Fort Wayne
20170310;blackmail;"â€˜It isnâ€™t,â€™ said the Caterpillar.
";Palmdale
20170311;arson;"full of tears, but said nothing.
";Fort Wayne
20170311;bribery;"chimneys were shaped like ears and the roof was thatched with fur. It
";Santa Cruz
20170312;robbery;"â€˜And who are THESE?â€™ said the Queen, pointing to the three gardeners who
";San Bernardino
20170312;arson;"us all about it!â€™
";Riverside
20170313;robbery;"â€˜It must have been that,â€™ said the King, â€˜unless it was written to
";Inglewood
20170313;robbery;"the Rabbit coming to look for her, and she trembled till she shook the
";Miramar
20170313;fraud;"she was up to her chin in salt water. Her first idea was that she
";Cape Coral
20170313;blackmail;"They were indeed a queer-looking party that assembled on the bank--the
";Kenosha
20170313;theft;"the sea.â€™
";Yakima
20170315;blackmail;"get into the garden, and I donâ€™t care which happens!â€™
";Hampton
20170315;smuggling;"
";Daly City
20170315;robbery;"
";Anchorage
20170315;theft;"regular rule: you invented it just now.â€™
";Washington
20170315;assault;"herself in a long, low hall, which was lit up by a row of lamps hanging
";Marina
20170316;smuggling;"
";Chula Vista
20170316;fraud;"nothing better to say than his first remark, â€˜It was the BEST butter,
";Burlington
20170317;blackmail;"she was out of sight: then it chuckled. â€˜What fun!â€™ said the Gryphon,
";Elizabeth
20170317;smuggling;"   â€˜You are old,â€™ said the youth, â€˜one would hardly suppose
";North Port
20170317;assault;"Queen.
";Davidson County
20170318;blackmail;"â€˜Have you guessed the riddle yet?â€™ the Hatter said, turning to Alice
";Eugene
20170319;robbery;"
";Brownsville
20170319;blackmail;"
";Marysville
20170319;theft;"
";Joliet
20170319;bribery;"
";Kalamazoo
20170320;bribery;"that used to come once a week: HE taught us Drawling, Stretching, and
";Palmdale
20170320;arson;"
";North Charleston
20170322;blackmail;"â€˜A likely story indeed!â€™ said the Pigeon in a tone of the deepest
";Huntington
20170322;robbery;"had got so much into the way of expecting nothing but out-of-the-way
";Brighton
20170322;murder;"â€˜Yes,â€™ said Alice doubtfully: â€˜it means--to--make--anything--prettier.â€™
";Syracuse
20170322;arson;"â€˜I can tell you more than that, if you like,â€™ said the Gryphon. â€˜Do you
";Bellevue
20170323;arson;"
";Vancouver
20170325;murder;" â€œYou can really have no notion how delightful it will be
";Denver
20170326;bribery;"
";Daytona Beach
20170326;murder;"
";Evansville
20170326;smuggling;"she thought, and looked into its eyes again, to see if there were any
";Durham
20170327;bribery;"â€˜So you did, old fellow!â€™ said the others.
";Milwaukee
20170327;fraud;"Queen jumped up and bawled out, â€œHeâ€™s murdering the time! Off with his
";Round Lake Beach
20170328;arson;"â€˜Now, I give you fair warning,â€™ shouted the Queen, stamping on the
";Denver
20170328;murder;"the poor animalâ€™s feelings. â€˜I quite forgot you didnâ€™t like cats.â€™
";Louisville
20170329;blackmail;"began shrinking directly. As soon as she was small enough to get through
";Oakland
20170329;arson;"
";Poughkeepsie
20170329;theft;"â€˜An arm, you goose! Who ever saw one that size? Why, it fills the whole
";Murfreesboro
20170329;murder;"had got so much into the way of expecting nothing but out-of-the-way
";Grand Rapids
20170330;murder;"â€˜I donâ€™t know where Dinn may be,â€™ said the Mock Turtle, â€˜but if youâ€™ve
";Paterson
20170330;fraud;"â€˜itâ€™s a vegetable. It doesnâ€™t look like one, but it is.â€™
";Santa Rosa
20170330;arson;"By this time she had found her way into a tidy little room with a table
";Kalamazoo
20170331;theft;"
";Winston
20170331;theft;"all its feet at once, with a yelp of delight, and rushed at the stick,
";Roseville
20170331;fraud;"
";Victorville
20170401;assault;"people began running about in all directions, tumbling up against each
";Downey
20170401;assault;"For some minutes the whole court was in confusion, getting the Dormouse
";Fort Walton Beach
20170401;murder;"it all seemed quite natural); but when the Rabbit actually TOOK A WATCH
";North Charleston
20170401;robbery;"â€˜Itâ€™s a mineral, I THINK,â€™ said Alice.
";Lake Charles
20170401;assault;"â€˜You promised to tell me your history, you know,â€™ said Alice, â€˜and why
";Santa Clarita
20170403;fraud;"the Lizard in head downwards, and the poor little thing was waving its
";Montgomery
20170403;murder;"
";Indianapolis
20170405;assault;"of tiny white kid gloves: she took up the fan and a pair of the gloves,
";Danbury
20170405;murder;"atom of meaning in it,â€™ but none of them attempted to explain the paper.
";Harrisburg
20170405;arson;"desperate that she was ready to ask help of any one; so, when the Rabbit
";Apple Valley
20170405;blackmail;"again, it was very provoking to find that the hedgehog had unrolled
";Bakersfield
20170405;murder;"Alas! it was too late to wish that! She went on growing, and growing,
";Memphis
20170406;fraud;"â€˜We had the best of educations--in fact, we went to school every day--â€™
";Ogden
20170407;arson;"about half no time! Take your choice!â€™
";Tyler
20170408;arson;"   â€˜Beautiful Soup! Who cares for fish,
";Winston
20170408;murder;"
";Madison
20170408;assault;"Alice had no idea what to do, and in despair she put her hand in her
";Cleveland
20170408;fraud;"
";Chula Vista
20170408;arson;"CHAPTER V. Advice from a Caterpillar
";Wilmington
20170409;assault;"Then came a little pattering of feet on the stairs. Alice knew it was
";Yakima
20170409;blackmail;"CHAPTER IX. The Mock Turtleâ€™s Story
";Inglewood
20170409;arson;"could hear the rattle of the teacups as the March Hare and his friends
";Port Arthur
20170409;murder;"witness.â€™ And he added in an undertone to the Queen, â€˜Really, my dear,
";San Antonio
20170409;bribery;"before,â€™ said Alice,) and round the neck of the bottle was a paper
";Chula Vista
20170410;smuggling;"â€˜It isnâ€™t directed at all,â€™ said the White Rabbit; â€˜in fact, thereâ€™s
";Rockford
20170410;assault;"
";Kissimmee
20170411;fraud;"
";Newark
20170411;smuggling;"
";Bridgeport
20170411;blackmail;"canâ€™t think! And oh, I wish you could see her after the birds! Why,
";Arlington
20170412;robbery;"â€˜Stolen!â€™ the King exclaimed, turning to the jury, who instantly made a
";Athens
20170412;smuggling;"
";Honolulu
20170412;arson;"
";San Buenaventura
20170412;arson;"
";Harlingen
20170413;bribery;"â€˜No, indeed,â€™ said Alice. â€˜What sort of a dance is it?â€™
";Roanoke
20170413;bribery;"just as the Dormouse crossed the court, she said to one of the officers
";Daly City
20170414;arson;"see if she could have been changed for any of them.
";Salem
20170414;smuggling;"
";Athens
20170414;assault;"place, with a little house in it about four feet high. â€˜Whoever lives
";Providence
20170415;bribery;"
";Atlantic City
20170415;theft;"
";Frederick
20170415;blackmail;"       house,
";Kissimmee
20170415;bribery;"sight, they were getting so far off). â€˜Oh, my poor little feet, I wonder
";Tyler
20170416;smuggling;"So she set to work, and very soon finished off the cake.
";Westminster
20170416;theft;"The players all played at once without waiting for turns, quarrelling
";Charleston
20170416;fraud;"â€˜Not a bit,â€™ said the Caterpillar.
";Augusta
20170417;murder;"would change to dull reality--the grass would be only rustling in the
";Aberdeen
20170418;theft;"   If she should push the matter on,
";Santa Clara
20170419;smuggling;"sister, as well as she could remember them, all these strange Adventures
";New Haven
20170419;fraud;"The Fish-Footman began by producing from under his arm a great letter,
";Green Bay
20170420;murder;"over their heads. She felt very curious to know what it was all about,
";Scottsdale
20170420;bribery;"     Beau--ootiful Soo--oop!
";Colorado Springs
20170420;arson;"sweet-tempered. I only wish people knew that: then they wouldnâ€™t be so
";Denver
20170420;assault;"â€˜I donâ€™t see,â€™ said the Caterpillar.
";Johnson City
20170421;bribery;"
";San Francisco
20170421;smuggling;"players, except the King, the Queen, and Alice, were in custody and
";Sterling Heights
20170421;bribery;"all talking together: she made out the words: â€˜Whereâ€™s the other
";Murfreesboro
20170422;arson;"down yet, before the trialâ€™s begun.â€™
";Merced
20170424;murder;"â€˜I never thought about it,â€™ said Alice. â€˜Why?â€™
";Wilmington
20170425;bribery;"â€˜How queer it seems,â€™ Alice said to herself, â€˜to be going messages for
";Cary
20170425;arson;"Alice was silent.
";Fargo
20170425;murder;"
";Vero Beach
20170425;fraud;"
";San Antonio
20170426;smuggling;"â€˜I donâ€™t know of any that do,â€™ Alice said very politely, feeling quite
";Redding
20170426;bribery;"â€˜Go on with the next verse,â€™ the Gryphon repeated impatiently: â€˜it
";Saint Petersburg
20170426;arson;"savage when they met in the kitchen.
";Washington
20170427;theft;"
";Riverside
20170427;theft;"Alice had never been in a court of justice before, but she had read
";Rochester
20170428;theft;"executes nobody, you know. Come on!â€™
";Fort Worth
20170428;fraud;"â€˜That PROVES his guilt,â€™ said the Queen.
";Dallas
20170428;smuggling;"â€˜My name is Alice, so please your Majesty,â€™ said Alice very politely;
";Elkhart
20170428;arson;"
";Houma
20170429;murder;"yourself!â€™
";Richland
20170429;bribery;"in a great hurry; â€˜and their names were Elsie, Lacie, and Tillie; and
";Harlingen
20170429;theft;"
";Tacoma
20170430;assault;"
";Layton
20170430;bribery;"This was not an encouraging opening for a conversation. Alice replied,
";Corpus Christi
20170430;robbery;"   Do you think I can listen all day to such stuff?
";Gainesville
20170430;fraud;"The table was a large one, but the three were all crowded together at
";Denton
20170430;fraud;"unrolled the parchment scroll, and read as follows:--
";Manchester
20170501;smuggling;"along the course, here and there. There was no â€˜One, two, three, and
";Clarke County
20170502;murder;"enough of it now in sight, and no more of it appeared.
";Norman
20170502;arson;"after it, and fortunately was just in time to see it pop down a large
";San Antonio
20170502;robbery;"hand and a piece of bread-and-butter in the other. â€˜I beg pardon, your
";Kaneohe
20170503;assault;"â€˜Why,â€™ said the Gryphon, â€˜you first form into a line along the
";Visalia
20170503;theft;"their own business!â€™
";Athens
20170504;blackmail;"She drew her foot as far down the chimney as she could, and waited
";Kaneohe
20170504;assault;"â€˜It was much pleasanter at home,â€™ thought poor Alice, â€˜when one wasnâ€™t
";Springfield
20170504;assault;"There was not a moment to be lost: away went Alice like the wind, and
";South Lyon
20170505;bribery;"him,) â€˜Iâ€™ll give him sixpence. _I_ donâ€™t believe thereâ€™s an atom of
";Memphis
20170506;arson;"
";Duluth
20170506;arson;"CHAPTER V. Advice from a Caterpillar
";Escondido
20170507;bribery;"â€˜Yes, thatâ€™s it,â€™ said the Hatter with a sigh: â€˜itâ€™s always tea-time,
";New Haven
20170507;theft;"
";McHenry
20170508;arson;"   A secret, kept from all the rest,
";Sarasota
20170508;assault;"croquet-ground.
";Gilbert
20170508;fraud;"
";Louisville
20170509;blackmail;"â€˜I want a clean cup,â€™ interrupted the Hatter: â€˜letâ€™s all move one place
";Norwich
20170509;arson;"Alice a little timidly: â€˜but itâ€™s no use going back to yesterday,
";Raleigh
20170509;robbery;"
";Johnson City
20170509;robbery;"The Mouse only growled in reply.
";Brownsville
20170509;theft;"
";Santa Cruz
20170510;robbery;"
";Berkeley
20170511;blackmail;"head first, and then sat upon it.)
";Anchorage
20170511;fraud;"down again into its nest. Alice crouched down among the trees as well as
";Cleveland
20170511;smuggling;"other, and growing sometimes taller and sometimes shorter, until she had
";Winston
20170512;assault;"
";Fort Walton Beach
20170512;smuggling;"â€˜You should learn not to make personal remarks,â€™ Alice said with some
";Layton
20170513;murder;"could.
";Sioux Falls
20170513;smuggling;"
";Norwich
20170513;murder;"â€˜Itâ€™s a pun!â€™ the King added in an offended tone, and everybody laughed,
";Denton
20170513;blackmail;"was a table, with a large dish of tarts upon it: they looked so good,
";St. Petersburg
20170515;smuggling;"
";Port St. Lucie
20170515;bribery;"a Hatter: and in THAT direction,â€™ waving the other paw, â€˜lives a March
";Savannah
20170515;arson;"            whole
";Little Rock
20170516;theft;"          try the
";Norwalk
20170517;bribery;"and said â€˜Thatâ€™s very curious.â€™
";Charleston
20170518;assault;"           death.â€â€™
";Burlington
20170518;smuggling;"or Longitude Iâ€™ve got to?â€™ (Alice had no idea what Latitude was, or
";Waco
20170518;smuggling;"â€˜I didnâ€™t!â€™ the March Hare interrupted in a great hurry.
";Richmond County
20170518;blackmail;"
";Little Rock
20170519;robbery;"
";Chandler
20170519;murder;"The Duchess took her choice, and was gone in a moment.
";Jersey City
20170519;bribery;"
";San Francisco
20170520;robbery;"â€˜Then the Dormouse shall!â€™ they both cried. â€˜Wake up, Dormouse!â€™ And
";Madison
20170520;fraud;"doesnâ€™t suit my throat!â€™ and a Canary called out in a trembling voice to
";San Bernardino
20170520;theft;"to Alice as it spoke.
";Burbank
20170520;blackmail;"that â€œI see what I eatâ€ is the same thing as â€œI eat what I seeâ€!â€™
";Houston
20170522;bribery;"conversations?â€™
";Roseville
20170523;assault;"appear, and after a minute or two she walked on in the direction in
";Boston
20170524;assault;"
";Buffalo
20170524;blackmail;"    What made you so awfully clever?â€™
";Palm Bay
20170525;bribery;"â€˜You may not have lived much under the sea--â€™ [â€˜I havenâ€™t,â€™ said
";Tulsa
20170525;robbery;"When the procession came opposite to Alice, they all stopped and looked
";Rochester
20170525;blackmail;"
";Oklahoma City
20170526;robbery;"â€˜Of course it is,â€™ said the Duchess, who seemed ready to agree to
";Buffalo
20170526;assault;"â€˜Boots and shoes under the sea,â€™ the Gryphon went on in a deep voice,
";Bonita Springs
20170527;fraud;"
";Jackson
20170527;arson;"too much frightened to say a word, but slowly followed her back to the
";Downey
20170527;arson;"surprised heâ€™ll be when he finds out who I am! But Iâ€™d better take him
";Port Saint Lucie
20170527;arson;"She ate a little bit, and said anxiously to herself, â€˜Which way? Which
";Los Angeles
20170527;theft;"and began by taking the little golden key, and unlocking the door that
";Ann Arbor
20170528;assault;"carefully, remarking, â€˜I really must be getting home; the night-air
";Modesto
20170528;bribery;"
";Champaign
20170528;smuggling;"answer, so Alice went on eagerly: â€˜There is such a nice little dog near
";Chesapeake
20170529;assault;"â€˜Why?â€™ said the Caterpillar.
";St. Petersburg
20170529;fraud;"havenâ€™t had a wink of sleep these three weeks!â€™
";Norwalk
20170529;smuggling;"â€˜Yes, but some crumbs must have got in as well,â€™ the Hatter grumbled:
";Scranton
20170529;robbery;"
";Cape Coral
20170529;assault;"verse.â€™
";Havre de Grace
20170530;arson;"the subjects on his flappers, â€˜--Mystery, ancient and modern, with
";Apple Valley
20170530;assault;"likely it can talk: at any rate, thereâ€™s no harm in trying.â€™ So she
";Frederick
20170530;arson;"contempt. â€˜Iâ€™ve seen a good many little girls in my time, but never ONE
";Springfield
20170602;blackmail;"        â€œIâ€™ll be
";Panama City
20170602;fraud;"
";Reno
20170602;robbery;"you might like to try the thing yourself, some winter day, I will tell
";Poughkeepsie
20170602;fraud;"
";Muskegon
20170603;blackmail;"
";Orlando
20170604;assault;"it to make it stop.
";Portland
20170604;fraud;"yourself.â€™
";Las Cruces
20170604;murder;"hands were clasped upon her knee, and the bright eager eyes were looking
";Yonkers
20170604;bribery;"â€˜Thank you, itâ€™s a very interesting dance to watch,â€™ said Alice, feeling
";Duluth
20170604;arson;"much larger than a rat-hole: she knelt down and looked along the passage
";McAllen
20170606;assault;"Alice, who felt ready to sink into the earth. At last the Gryphon said
";Detroit
20170606;bribery;"
";Lancaster
20170606;fraud;"â€˜They couldnâ€™t have done that, you know,â€™ Alice gently remarked; â€˜theyâ€™d
";Bel Air
20170606;bribery;"children she knew, who might do very well as pigs, and was just saying
";Anaheim
20170606;assault;"    *    *    *    *    *    *
";Elk Grove
20170607;bribery;"
";Joliet
20170607;murder;"â€˜Back to land again, and thatâ€™s all the first figure,â€™ said the Mock
";Cary
20170607;smuggling;"the pool as it went.
";St. Paul
20170609;assault;"
";Green Bay
20170609;murder;"â€˜Well, perhaps not,â€™ said Alice in a soothing tone: â€˜donâ€™t be angry
";Bakersfield
20170609;murder;"to Alice as it spoke.
";Oxnard
20170609;theft;"
";Abilene
20170610;theft;"made up my mind about it; if Iâ€™m Mabel, Iâ€™ll stay down here! Itâ€™ll be no
";Colorado Springs
20170610;smuggling;"hand again, and made another snatch in the air. This time there were
";Paterson
20170610;bribery;"Queen, who was reading the list of singers.
";Philadelphia
20170610;bribery;"the best thing to get us dry would be a Caucus-race.â€™
";Knoxville
20170611;arson;"them say, â€˜Look out now, Five! Donâ€™t go splashing paint over me like
";Boston
20170611;arson;"from one foot to the other, looking uneasily at the Queen, and in
";Racine
20170611;murder;"    Be off, or Iâ€™ll kick you down stairs!â€™
";Frederick
20170612;murder;"â€˜I didnâ€™t know that Cheshire cats always grinned; in fact, I didnâ€™t know
";Oceanside
20170613;theft;"of the window, and one foot up the chimney, and said to herself â€˜Now I
";Redding
20170613;arson;"officers: but the Hatter was out of sight before the officer could get
";San Francisco
20170614;robbery;"slate with one finger, as he found it made no mark; but he now hastily
";Augusta
20170614;theft;"â€˜Please would you tell me,â€™ said Alice, a little timidly, for she was
";Hartford
20170614;robbery;"ground--and I should have croqueted the Queenâ€™s hedgehog just now, only
";Denton
20170614;fraud;"
";Roseville
20170615;robbery;"the subjects on his flappers, â€˜--Mystery, ancient and modern, with
";Saginaw
20170615;blackmail;"way of speaking to a mouse: she had never done such a thing before, but
";Santa Ana
20170615;assault;"came upon a neat little house, on the door of which was a bright brass
";Bremerton
20170615;fraud;"
";Huntsville
20170617;smuggling;"tone; â€˜at least thereâ€™s no room to grow up any more HERE.â€™
";Escondido
20170617;robbery;"â€˜With extras?â€™ asked the Mock Turtle a little anxiously.
";Atlanta
20170617;arson;"that she had put on one of the Rabbitâ€™s little white kid gloves while
";Jersey City
20170618;blackmail;"tone. â€˜Nobody seems to like her, down here, and Iâ€™m sure sheâ€™s the best
";Corpus Christi
20170618;smuggling;"denying it. I suppose youâ€™ll be telling me next that you never tasted an
";Gainesville
20170618;theft;"she felt a little nervous about this; â€˜for it might end, you know,â€™ said
";El Paso
20170618;bribery;"reason is--â€™ here the Mock Turtle yawned and shut his eyes.--â€˜Tell her
";Newburgh
20170619;assault;"
";Shreveport
20170620;arson;"Lory, who at last turned sulky, and would only say, â€˜I am older than
";Olympia
20170620;bribery;"Queen to-day?â€™
";Saint Louis
20170620;robbery;"elbow.â€™
";Punta Gorda
20170620;robbery;"Quick, now!â€™ And Alice was so much frightened that she ran off at once
";Fargo
20170621;arson;"out with his nose, you know?â€™
";Vallejo
20170621;robbery;"
";Orange
20170621;fraud;"
";Boulder
20170621;murder;"  Trims his belt and his buttons, and turns out his toes.â€™
";Vero Beach
20170622;blackmail;"the Duchess said after a pause: â€˜the reason is, that Iâ€™m doubtful about
";Marysville
20170622;arson;" Would not, could not, would not, could not, would not join the dance.
";Waterbury
20170622;blackmail;"â€˜Call it what you like,â€™ said the Cat. â€˜Do you play croquet with the
";Detroit
20170623;assault;"
";Portsmouth
20170623;theft;"Wonderland, though she knew she had but to open them again, and all
";Canton
20170624;assault;"hot tea upon its nose.
";Muskegon
20170624;bribery;"holiday?â€™
";Costa Mesa
20170624;smuggling;"
";Lexington
20170624;fraud;"
";Houston
20170624;fraud;"Poor Alice! It was as much as she could do, lying down on one side, to
";San Bernardino
20170625;fraud;"
";Des Moines
20170625;fraud;"
";Washington
20170625;assault;"Billâ€™s place for a good deal: this fireplace is narrow, to be sure; but
";Riverside
20170625;bribery;"held it out to the puppy; whereupon the puppy jumped into the air off
";Sarasota
20170625;arson;"â€˜Thereâ€™s no such thing!â€™ Alice was beginning very angrily, but the
";Richmond
20170626;arson;"
";Sioux Falls
20170626;robbery;"moment like a wild beast, screamed â€˜Off with her head! Off--â€™
";Waterbury
20170626;robbery;"procession, came THE KING AND QUEEN OF HEARTS.
";Houma
20170626;robbery;"and no one else seemed inclined to say anything.
";Albuquerque
20170627;theft;"â€˜I wish I had our Dinah here, I know I do!â€™ said Alice aloud, addressing
";Las Cruces
20170627;fraud;"â€˜Now tell me, Pat, whatâ€™s that in the window?â€™
";Myrtle Beach
20170627;bribery;"history, she do.â€™
";Chicago
20170627;smuggling;"â€˜And yet what a dear little puppy it was!â€™ said Alice, as she leant
";Norman
20170628;smuggling;"
";Port Orange
20170628;robbery;"my tea when I was sent for.â€™
";Grayslake
20170628;robbery;"              THE END
";Vancouver
20170628;assault;"rather a handsome pig, I think.â€™ And she began thinking over other
";Toledo
20170628;arson;"great emphasis, looking hard at Alice as he said do.
";Richmond
20170629;theft;"â€˜--yes, thatâ€™s about the right distance--but then I wonder what Latitude
";GreenBay
20170629;smuggling;"look through into the garden with one eye; but to get through was more
";Atlantic City
20170629;smuggling;"â€˜Suppose we change the subject,â€™ the March Hare interrupted, yawning.
";Omaha
20170629;theft;"
";Daly City
20170630;smuggling;"away. â€˜You insult me by talking such nonsense!â€™
";Abilene
20170702;assault;"hurry, muttering to himself as he came, â€˜Oh! the Duchess, the Duchess!
";Irving
20170702;blackmail;"which word sounded best.
";Daly City
20170704;murder;"
";Hampton
20170704;arson;"â€˜It isnâ€™t mine,â€™ said the Hatter.
";Warren
20170704;theft;"
";Davidson County
20170704;murder;"the best plan.â€™
";Cary
20170705;blackmail;"hedgehog to, and, as the doubled-up soldiers were always getting up
";Evansville
20170705;murder;"her eyes; and once she remembered trying to box her own ears for having
";Grand Prairie
20170705;theft;"â€˜You shanâ€™t be beheaded!â€™ said Alice, and she put them into a large
";Greensboro
20170706;arson;"uncomfortable for the Dormouse,â€™ thought Alice; â€˜only, as itâ€™s asleep, I
";Odessa
20170706;bribery;"of the cattle in the distance would take the place of the Mock Turtleâ€™s
";Lowell
20170706;smuggling;"a mouse--to a mouse--a mouse--O mouse!â€™) The Mouse looked at her rather
";Duluth
20170706;murder;"
";Independence
20170707;assault;"something like this:--
";Sterling Heights
20170707;fraud;"its eyes, for it was getting very sleepy; â€˜and they drew all manner of
";Fullerton
20170707;murder;"same when I got up this morning? I almost think I can remember feeling a
";Salt Lake City
20170707;fraud;"Alice said nothing; she had sat down with her face in her hands,
";Durham
20170708;robbery;"
";St. Petersburg
20170708;murder;"  *    *    *    *    *    *    *
";St. Louis
20170708;smuggling;"
";Newark
20170709;bribery;"â€˜Iâ€™ll fetch the executioner myself,â€™ said the King eagerly, and he
";Kissimmee
20170709;fraud;"â€˜Well, then,â€™ the Gryphon went on, â€˜if you donâ€™t know what to uglify is,
";Dallas
20170709;blackmail;"she hastily dried her eyes to see what was coming. It was the White
";Providence
20170709;fraud;"Soon her eye fell on a little glass box that was lying under the table:
";Grayslake
20170709;robbery;"Next came an angry voice--the Rabbitâ€™s--â€˜Pat! Pat! Where are you?â€™ And
";Dallas
20170710;assault;"â€˜Write that down,â€™ the King said to the jury, and the jury eagerly
";Evansville
20170710;assault;"cost them their lives.
";Tempe
20170710;arson;"First came ten soldiers carrying clubs; these were all shaped like
";Fort Lauderdale
20170713;assault;"
";Saint Louis
20170713;theft;"likely it can talk: at any rate, thereâ€™s no harm in trying.â€™ So she
";Orem
20170713;blackmail;"moved into the Dormouseâ€™s place, and Alice rather unwillingly took
";Bakersfield
20170713;blackmail;"and skurried away into the darkness as hard as he could go.
";Newark
20170713;fraud;"â€˜Only mustard isnâ€™t a bird,â€™ Alice remarked.
";Lancaster
20170714;assault;"go down the chimney!â€™
";Bel Air
20170715;fraud;"At last the Mouse, who seemed to be a person of authority among them,
";Green Bay
20170715;bribery;"
";Evansville
20170715;assault;"disappeared; so the King and the executioner ran wildly up and down
";Thousand Oaks
20170715;smuggling;"
";Louisville
20170716;murder;"â€˜Why not?â€™ said the March Hare.
";Riverside
20170720;murder;"any more!â€™ And here poor Alice began to cry again, for she felt very
";Hollywood
20170720;theft;"blow underneath her chin: it had struck her foot!
";Green Bay
20170720;blackmail;"
";Jacksonville
20170720;fraud;"it is you hate--C and D,â€™ she added in a whisper, half afraid that it
";Aurora
20170721;assault;"â€˜If any one of them can explain it,â€™ said Alice, (she had grown so large
";Saint Louis
20170721;fraud;"
";Boulder
20170721;arson;"obliged to write with one finger for the rest of the day; and this was
";Colorado Springs
20170723;blackmail;"
";Duluth
20170723;blackmail;"
";Clearwater
20170724;blackmail;"ache!â€™
";Savannah
20170724;murder;"days and days.â€™
";North Port
20170724;assault;"â€˜Boots and shoes under the sea,â€™ the Gryphon went on in a deep voice,
";Daytona Beach
20170724;blackmail;"said the Gryphon: and it set to work shaking him and punching him in
";Mobile
20170726;robbery;"looked like the right thing to eat or drink under the circumstances.
";Escondido
20170726;arson;"
";Portsmouth
20170726;theft;"â€˜Then you may SIT down,â€™ the King replied.
";Los Angeles
20170728;robbery;"children she knew, who might do very well as pigs, and was just saying
";Jefferson
20170728;arson;"
";Saint Paul
20170728;arson;"
";Eugene
20170729;arson;"other side, the puppy made another rush at the stick, and tumbled head
";Corpus Christi
20170729;robbery;"that did not sneeze, were the cook, and a large cat which was sitting on
";McAllen
20170729;arson;"nowhere to be seen--everything seemed to have changed since her swim in
";Santa Maria
20170729;fraud;"long as there was room for her.
";Overland Park
20170730;fraud;"disappointment it was empty: she did not like to drop the jar for fear
";North Las Vegas
20170730;theft;"â€˜No, I give it up,â€™ Alice replied: â€˜whatâ€™s the answer?â€™
";Fort Lauderdale
20170731;smuggling;"gave herself very good advice, (though she very seldom followed it),
";Birmingham
20170731;fraud;"â€˜What a curious feeling!â€™ said Alice; â€˜I must be shutting up like a
";Boise
20170801;smuggling;"â€˜You did!â€™ said the Hatter.
";Bonita Springs
20170802;robbery;"â€˜You might just as well say,â€™ added the March Hare, â€˜that â€œI like what I
";Tucson
20170802;murder;"â€˜Call it what you like,â€™ said the Cat. â€˜Do you play croquet with the
";Flint
20170802;assault;"to say!â€™
";Port Orange
20170802;blackmail;"to some tea and bread-and-butter, and then turned to the Dormouse, and
";Cincinnati
20170803;fraud;"it advisable to go with Edgar Atheling to meet William and offer him the
";Youngstown
20170805;assault;"
";New London
20170805;fraud;"at last the Caterpillar took the hookah out of its mouth, and addressed
";Bel Air
20170806;bribery;"have been ill.â€™
";Deltona
20170806;theft;"the flowers and the blades of grass, but she did not see anything that
";Winter Haven
20170806;assault;"  When the sands are all dry, he is gay as a lark,
";Rancho Cucamonga
20170806;assault;"
";Gainesville
20170806;bribery;"
";Toledo
20170808;murder;"    (We know it to be true):
";Costa Mesa
20170809;arson;"
";Monterey
20170809;robbery;"
";Santa Rosa
20170810;fraud;"about two feet high, and was going on shrinking rapidly: she soon found
";Toledo
20170810;murder;"Lory.
";Aberdeen
20170810;murder;"began. Alice thought she had never seen such a curious croquet-ground in
";Fairfield
20170810;arson;"blow underneath her chin: it had struck her foot!
";Havre de Grace
20170813;assault;"â€˜Oh, I beg your pardon!â€™ cried Alice hastily, afraid that she had hurt
";Cedar Rapids
20170813;blackmail;"railway,â€™ she said to herself. (Alice had been to the seaside once in
";Little Rock
20170814;smuggling;"large she had grown in the last few minutes, and she jumped up in such
";New Bedford
20170817;fraud;"â€˜I see!â€™ said the Queen, who had meanwhile been examining the roses.
";Berkeley
20170819;blackmail;"sitting sad and lonely on a little ledge of rock, and, as they came
";Eugene
20170819;assault;"sharp little chin into Aliceâ€™s shoulder as she added, â€˜and the moral
";Topeka
20170820;robbery;"arms, took the hookah out of its mouth again, and said, â€˜So you think
";Mesquite
20170820;arson;"thing,â€™ Alice went on, half to herself, as she swam lazily about in the
";Medford
20170820;murder;"
";Charleston
20170820;blackmail;"
";Lewisville
20170820;robbery;"herself. â€˜Shy, they seem to put everything upon Bill! I wouldnâ€™t be in
";Oxnard
20170821;theft;"At last the Mouse, who seemed to be a person of authority among them,
";New Orleans
20170821;smuggling;"to be done, I wonder?â€™ As she said this, she came suddenly upon an open
";Olathe
20170822;theft;"
";Escondido
20170822;robbery;"â€˜And ever since that,â€™ the Hatter went on in a mournful tone, â€˜he wonâ€™t
";Augusta
20170822;robbery;"Gryphon.
";South Lyon
20170823;theft;"â€˜Thatâ€™s none of YOUR business, Two!â€™ said Seven.
";Colorado Springs
20170823;arson;"
";North Las Vegas
20170824;smuggling;"
";Temecula
20170824;murder;"â€˜The twinkling of the what?â€™ said the King.
";Syracuse
20170824;bribery;"
";Gainesville
20170824;theft;"Alice was rather doubtful whether she ought not to lie down on her face
";Bellevue
20170825;fraud;"â€˜Give your evidence,â€™ said the King.
";Lincoln
20170825;robbery;"birds and beasts, as well as the whole pack of cards: the Knave was
";Santa Maria
20170825;robbery;"leaves: â€˜I should have liked teaching it tricks very much, if--if Iâ€™d
";Erie
20170825;assault;"seen them so often, of course you know what theyâ€™re like.â€™
";Richland
20170826;assault;"
";Newark
20170826;arson;"what a wonderful dream it had been.
";Charlotte
20170826;arson;"
";Sarasota
20170826;murder;"so closely against her foot, that there was hardly room to open her
";Little Rock
20170826;theft;"
";Thornton
20170827;assault;"Alice was rather doubtful whether she ought not to lie down on her face
";Hollywood
20170827;smuggling;"begun asking riddles.--I believe I can guess that,â€™ she added aloud.
";Columbus
20170828;theft;"â€˜Shanâ€™t,â€™ said the cook.
";McAllen
20170830;robbery;"their mouths--and theyâ€™re all over crumbs.â€™
";Waterbury
20170830;smuggling;"
";Hampton
20170830;robbery;"â€˜important--unimportant--unimportant--important--â€™ as if he were trying
";Burlington
20170830;blackmail;"
";Hayward
20170831;murder;"Next came an angry voice--the Rabbitâ€™s--â€˜Pat! Pat! Where are you?â€™ And
";Virginia Beach
20170901;theft;"came near her, she began, in a low, timid voice, â€˜If you please, sir--â€™
";Lancaster
20170901;fraud;"know, with oh, such long curly brown hair! And itâ€™ll fetch things when
";Kalamazoo
20170901;bribery;"â€˜I donâ€™t know where Dinn may be,â€™ said the Mock Turtle, â€˜but if youâ€™ve
";Elizabeth
20170901;arson;"executed for having missed their turns, and she did not like the look
";Murfreesboro
20170901;blackmail;"â€˜If you didnâ€™t sign it,â€™ said the King, â€˜that only makes the matter
";Dallas
20170903;fraud;"
";Long Beach
20170904;bribery;"glass table. â€˜Now, Iâ€™ll manage better this time,â€™ she said to herself,
";Cape Coral
20170904;theft;"what a wonderful dream it had been.
";Youngstown
20170904;theft;"wonder what they WILL do next! If they had any sense, theyâ€™d take the
";Billings
20170905;robbery;"she said to herself, and shouted out, â€˜Youâ€™d better not do that again!â€™
";Las Cruces
20170906;theft;"
";Canton
20170906;smuggling;"bore it as well as she could.
";Yakima
20170906;murder;"
";Dallas
20170906;fraud;"â€˜No, please go on!â€™ Alice said very humbly; â€˜I wonâ€™t interrupt again. I
";Santa Clarita
20170906;bribery;"tell me, please, which way I ought to go from here?â€™
";Aurora
20170907;theft;"     â€˜How doth the little crocodile
";Chandler
20170907;murder;"
";Honolulu
20170907;murder;"take more.â€™
";Gastonia
20170908;fraud;"a large cauldron which seemed to be full of soup.
";Panama City
20170908;assault;"â€˜What size do you want to be?â€™ it asked.
";Springdale
20170908;smuggling;"â€˜Oh, donâ€™t bother ME,â€™ said the Duchess; â€˜I never could abide figures!â€™
";Duluth
20170908;murder;"
";Lacey
20170908;fraud;"
";Fullerton
20170909;murder;"
";Corona
20170909;murder;"
";Grayslake
20170909;murder;"â€˜I wonâ€™t indeed!â€™ said Alice, in a great hurry to change the subject of
";Provo
20170909;arson;"to herself, â€˜if one only knew the right way to change them--â€™ when she
";Oxnard
20170910;blackmail;"the best thing to get us dry would be a Caucus-race.â€™
";Scottsdale
20170911;bribery;"â€˜I keep them to sell,â€™ the Hatter added as an explanation; â€˜Iâ€™ve none of
";Worcester
20170911;smuggling;"in the last few minutes that she wasnâ€™t a bit afraid of interrupting
";Sioux City
20170913;theft;"â€˜are done with a whiting. Now you know.â€™
";Clarke County
20170913;arson;"   Game, or any other dish?
";Cincinnati
20170913;blackmail;"around it--once more the shriek of the Gryphon, the squeaking of the
";McHenry
20170913;assault;"her life; it was all ridges and furrows; the balls were live hedgehogs,
";Memphis
20170914;smuggling;"so closely against her foot, that there was hardly room to open her
";St. Louis
20170914;bribery;"age, there was no more to be said.
";High Point
20170915;blackmail;"â€˜Speak English!â€™ said the Eaglet. â€˜I donâ€™t know the meaning of half
";Detroit
20170915;theft;"â€˜There might be some sense in your knocking,â€™ the Footman went on
";Atlanta
20170915;assault;"
";Kissimmee
20170915;theft;"said, â€˜It was a treacle-well.â€™
";Kissimmee
20170915;blackmail;"    â€˜And your hair has become very white;
";Henderson
20170916;theft;"
";Houma
20170916;bribery;"
";Visalia
20170916;theft;"   Waiting in a hot tureen!
";Pueblo
20170917;murder;"
";McHenry
20170917;blackmail;"
";Port Arthur
20170917;theft;"
";Melbourne
20170917;assault;"â€˜Please would you tell me,â€™ said Alice, a little timidly, for she was
";Bloomington
20170918;smuggling;"be growing small again.â€™ She got up and went to the table to measure
";Winston
20170918;blackmail;"â€˜Pray donâ€™t trouble yourself to say it any longer than that,â€™ said
";Toledo
20170918;theft;"moment like a wild beast, screamed â€˜Off with her head! Off--â€™
";Fayetteville
20170918;bribery;"surprised heâ€™ll be when he finds out who I am! But Iâ€™d better take him
";Gilbert
20170919;theft;"
";Amarillo
20170919;robbery;"â€˜And washing?â€™ said the Mock Turtle.
";Bridgeport
20170919;fraud;"back to finish his story.
";Bradenton
20170919;bribery;"
";Rockford
20170920;robbery;"make me smaller, I suppose.â€™
";Wilmington
20170920;theft;"
";Trenton
20170921;murder;"
";South Bend
20170921;fraud;"London is the capital of Paris, and Paris is the capital of Rome, and
";Bremerton
20170921;blackmail;"   Do you think I can listen all day to such stuff?
";Tallahassee
20170921;blackmail;"more if youâ€™d rather not.â€™
";Minneapolis
20170921;blackmail;"such a capital one for catching mice--oh, I beg your pardon!â€™ cried
";Phoenix
20170922;smuggling;"At this moment the King, who had been for some time busily writing in
";Hollywood
20170922;assault;"
";Hagerstown
20170922;assault;"I THINK I can kick a little!â€™
";St. Paul
20170922;assault;"till the puppyâ€™s bark sounded quite faint in the distance.
";Tucson
20170925;bribery;"the puppy began a series of short charges at the stick, running a very
";Bloomington
20170926;bribery;"
";Davenport
20170926;smuggling;"feebly stretching out one paw, trying to touch her. â€˜Poor little thing!â€™
";Jackson
20170926;robbery;"â€˜Not I!â€™ said the Lory hastily.
";Phoenix
20170926;murder;"Alice, she went on, â€˜Whatâ€™s your name, child?â€™
";Cathedral City
20170926;arson;"was a table, with a large dish of tarts upon it: they looked so good,
";Warren
20170927;robbery;"she could, for her neck kept getting entangled among the branches, and
";Marina
20170927;fraud;"rope--Will the roof bear?--Mind that loose slate--Oh, itâ€™s coming
";Macon
20170927;assault;"saying to herself â€˜Suppose it should be raving mad after all! I almost
";Murrieta
20170927;smuggling;"London is the capital of Paris, and Paris is the capital of Rome, and
";Clearwater
20170927;blackmail;"
";Fresno
20170928;robbery;"by another footman in livery, with a round face, and large eyes like a
";Richmond County
20170928;robbery;"plenty of time as she went down to look about her and to wonder what was
";Springfield
20170928;blackmail;"
";Canton
20170929;murder;"â€˜What sort of people live about here?â€™
";Hartford
20170930;blackmail;"
";Garland
20170930;arson;"made out that she was in the pool of tears which she had wept when she
";Sioux City
20170930;bribery;"_I_ shanâ€™t be able! I shall be a great deal too far off to trouble
";Santa Ana
20171002;blackmail;"like them raw.â€™
";Lacey
20171002;murder;"
";Glendale
20171002;bribery;"   â€˜Speak roughly to your little boy,
";Tampa
20171002;fraud;"the right-hand bit to try the effect: the next moment she felt a violent
";Thousand Oaks
20171002;theft;"â€˜Never!â€™ said the Queen furiously, throwing an inkstand at the Lizard
";Mesa
20171003;murder;"â€˜I should like it very much,â€™ said Alice, â€˜but I havenâ€™t been invited
";Punta Gorda
20171004;smuggling;"she was up to her chin in salt water. Her first idea was that she
";Lakewood
20171004;assault;"a French mouse, come over with William the Conqueror.â€™ (For, with all
";Sterling Heights
20171004;smuggling;"This sounded promising, certainly: Alice turned and came back again.
";Norman
20171004;assault;"till she heard a little animal (she couldnâ€™t guess of what sort it was)
";Detroit
20171005;murder;"it lasted.)
";Cape Coral
20171005;bribery;"The players all played at once without waiting for turns, quarrelling
";Durham
20171006;bribery;"    Because he knows it teases.â€™
";Rockford
20171007;blackmail;"
";Fort Smith
20171009;robbery;"as well as she could for sneezing.
";Lake Charles
20171009;fraud;"know, with oh, such long curly brown hair! And itâ€™ll fetch things when
";Inglewood
20171009;bribery;"â€˜And what are they made of?â€™ Alice asked in a tone of great curiosity.
";Waterloo
20171010;murder;"           condemn
";Cedar Rapids
20171010;smuggling;"She was a good deal frightened by this very sudden change, but she felt
";Jersey City
20171010;smuggling;"Luckily for Alice, the little magic bottle had now had its full effect,
";Cedar Rapids
20171012;bribery;"â€˜Well, I canâ€™t show it you myself,â€™ the Mock Turtle said: â€˜Iâ€™m too
";Akron
20171012;arson;"Alice could think of nothing else to say but â€˜It belongs to the Duchess:
";Norwalk
20171012;theft;"   Soup of the evening, beautiful Soup!
";Layton
20171012;arson;"â€˜I said pig,â€™ replied Alice; â€˜and I wish you wouldnâ€™t keep appearing and
";Aurora
20171012;murder;"WOULD always get into her eyes--and still as she listened, or seemed to
";Davenport
20171013;arson;"
";Antioch
20171013;bribery;"she was terribly frightened all the time at the thought that it might be
";West Covina
20171013;fraud;"â€˜I canâ€™t help it,â€™ said Alice very meekly: â€˜Iâ€™m growing.â€™
";Evansville
20171013;murder;"sharp little chin into Aliceâ€™s shoulder as she added, â€˜and the moral
";Nashua
20171013;murder;"Alice was very glad to find her in such a pleasant temper, and thought
";Stockton
20171014;bribery;"his eyes. He looked at Alice, and tried to speak, but for a minute or
";New Orleans
20171015;murder;"that dark hall, and wander about among those beds of bright flowers and
";Eugene
20171015;murder;"Quick, now!â€™ And Alice was so much frightened that she ran off at once
";Austin
20171015;arson;"a procession,â€™ thought she, â€˜if people had all to lie down upon their
";Lubbock
20171015;robbery;"â€˜Yes, it IS his business!â€™ said Five, â€˜and Iâ€™ll tell him--it was for
";Washington
20171016;theft;"not help thinking there MUST be more to come, so she sat still and said
";Havre de Grace
20171016;murder;"Alice opened the door and found that it led into a small passage, not
";Modesto
20171016;murder;"
";Odessa
20171017;bribery;"
";Kalamazoo
20171017;murder;"minute or two, looking for them, and then quietly marched off after the
";Bakersfield
20171017;bribery;"shut up like a telescope! I think I could, if I only knew how to begin.â€™
";Atlanta
20171017;blackmail;"drunk half the bottle, she found her head pressing against the ceiling,
";Cedar Rapids
20171018;blackmail;"not got into it), and handed them round as prizes. There was exactly one
";Chattanooga
20171018;fraud;"along the course, here and there. There was no â€˜One, two, three, and
";Sioux City
20171018;murder;"â€˜Donâ€™t be impertinent,â€™ said the King, â€˜and donâ€™t look at me like that!â€™
";Antioch
20171018;robbery;"four times seven is--oh dear! I shall never get to twenty at that rate!
";Daytona Beach
20171019;theft;"
";Aurora
20171019;theft;"to herself, â€˜if one only knew the right way to change them--â€™ when she
";Minneapolis
20171020;bribery;"
";Waterbury
20171020;theft;"
";Harrisburg
20171021;bribery;"
";Huntington
20171021;murder;"and Alice looked round, eager to see the Queen.
";Billings
20171022;blackmail;"On which Seven looked up and said, â€˜Thatâ€™s right, Five! Always lay the
";Bradenton
20171023;theft;"to go! Let me see: Iâ€™ll give them a new pair of boots every Christmas.â€™
";GreenBay
20171023;bribery;"      breath.â€
";Evansville
20171023;murder;"    And mentioned me to him:
";Round Lake Beach
20171023;fraud;"
";Santa Cruz
20171023;smuggling;"candle is like after the candle is blown out, for she could not remember
";Murfreesboro
20171024;murder;"without a cat! Itâ€™s the most curious thing I ever saw in my life!â€™
";Rockford
20171024;smuggling;"â€˜It was the BEST butter,â€™ the March Hare meekly replied.
";Orem
20171024;theft;"â€˜It was much pleasanter at home,â€™ thought poor Alice, â€˜when one wasnâ€™t
";Clarksville
20171025;arson;"of cherry-tart, custard, pine-apple, roast turkey, toffee, and hot
";Daly City
20171025;assault;"
";Providence
20171025;arson;"      mouse to the
";Port Arthur
20171027;arson;"trial done,â€™ she thought, â€˜and hand round the refreshments!â€™ But there
";Cambridge
20171027;murder;"like them raw.â€™
";Youngstown
20171027;robbery;"Lizardâ€™s slate-pencil, and the choking of the suppressed guinea-pigs,
";Waterbury
20171027;fraud;"â€˜Digging for apples, indeed!â€™ said the Rabbit angrily. â€˜Here! Come and
";San Jose
20171028;arson;"
";Yakima
20171028;bribery;"little thing grunted in reply (it had left off sneezing by this time).
";Jersey City
20171028;assault;"when they had been running half an hour or so, and were quite dry again,
";Peoria
20171029;murder;"
";Washington
20171029;assault;"Here the other guinea-pig cheered, and was suppressed.
";Hagerstown
20171029;robbery;"was a little startled by seeing the Cheshire Cat sitting on a bough of a
";Murfreesboro
20171031;arson;"        a trial,
";Lubbock
20171101;assault;"that was sitting on the top with its arms folded, quietly smoking a long
";Oxnard
20171101;smuggling;"conversations?â€™
";Yonkers
20171101;assault;"a rabbit! I suppose Dinahâ€™ll be sending me on messages next!â€™ And she
";Mesquite
20171102;smuggling;"Alice was rather doubtful whether she ought not to lie down on her face
";Chesapeake
20171102;bribery;"This time Alice waited patiently until it chose to speak again. In
";Santa Clarita
20171103;murder;"
";Vero Beach
20171104;fraud;"
";Fort Collins
20171105;smuggling;"begged the Mouse to tell them something more.
";Fort Collins
20171105;arson;"for any lesson-books!â€™
";Fayetteville
20171105;fraud;"â€˜Really, now you ask me,â€™ said Alice, very much confused, â€˜I donâ€™t
";Port Saint Lucie
20171105;bribery;"
";New London
20171106;robbery;"nearer, Alice could hear him sighing as if his heart would break. She
";Myrtle Beach
20171106;murder;"   Yet you balanced an eel on the end of your nose--
";Charleston
20171106;assault;"Queen, who was reading the list of singers.
";Oklahoma City
20171107;blackmail;"birds hurried off at once: one old Magpie began wrapping itself up very
";Berkeley
20171107;assault;"other side of the court.
";Augusta
20171107;murder;"
";Concord
20171107;arson;"and when she had tired herself out with trying, the poor little thing
";Tucson
20171107;blackmail;"â€˜Thank you,â€™ said Alice, â€˜itâ€™s very interesting. I never knew so much
";Clearwater
20171108;smuggling;"savage when they met in the kitchen.
";Corpus Christi
20171108;blackmail;"â€˜Give your evidence,â€™ said the King.
";Rockford
20171108;arson;"but, alas! the little door was shut again, and the little golden key was
";Yonkers
20171108;assault;"down the bottle, saying to herself â€˜Thatâ€™s quite enough--I hope I shanâ€™t
";Clarksville
20171109;blackmail;"â€˜I couldnâ€™t help it,â€™ said Five, in a sulky tone; â€˜Seven jogged my
";Waterbury
20171109;robbery;"Alice heard the Rabbit say, â€˜A barrowful will do, to begin with.â€™
";Jersey City
20171109;arson;"â€˜I didnâ€™t know it was YOUR table,â€™ said Alice; â€˜itâ€™s laid for a great
";Denver
20171110;assault;"from one foot to the other, looking uneasily at the Queen, and in
";Richmond
20171110;smuggling;"funny watch!â€™ she remarked. â€˜It tells the day of the month, and doesnâ€™t
";Virginia Beach
20171110;smuggling;"This was not an encouraging opening for a conversation. Alice replied,
";Olathe
20171111;blackmail;"to make out which were the two sides of it; and as it was perfectly
";Little Rock
20171111;theft;"sitting sad and lonely on a little ledge of rock, and, as they came
";Clarke County
20171111;bribery;"
";Hialeah
20171112;murder;"about half no time! Take your choice!â€™
";Downey
20171113;fraud;"It was so long since she had been anything near the right size, that it
";Flint
20171113;assault;"
";Oxnard
20171113;bribery;"
";Long Beach
20171114;assault;"â€˜The lobsters!â€™ shouted the Gryphon, with a bound into the air.
";Inglewood
20171114;assault;"sea. The master was an old Turtle--we used to call him Tortoise--â€™
";Elk Grove
20171114;theft;"repeated her question. â€˜Why did they live at the bottom of a well?â€™
";Norwalk
20171116;bribery;"could get away without being seen, when she noticed a curious appearance
";Kenosha
20171116;fraud;"â€˜Hand it over here,â€™ said the Dodo.
";Fort Smith
20171117;robbery;"that it was quite impossible to say whether the blows hurt it or not.
";Jersey City
20171118;theft;"CHAPTER I. Down the Rabbit-Hole
";Durham
20171119;blackmail;"uncomfortable for the Dormouse,â€™ thought Alice; â€˜only, as itâ€™s asleep, I
";Harrisburg
20171119;blackmail;"   â€˜They told me you had been to her,
";San Antonio
20171119;theft;"denying it. I suppose youâ€™ll be telling me next that you never tasted an
";Springdale
20171119;fraud;"hands on her lap as if she were saying lessons, and began to repeat it,
";Athens
20171119;assault;"
";Little Rock
20171120;robbery;"ringlets, and mine doesnâ€™t go in ringlets at all; and Iâ€™m sure I canâ€™t
";Winter Haven
20171120;smuggling;"answer. â€˜Theyâ€™re done with blacking, I believe.â€™
";Sacramento
20171120;robbery;"â€˜Please come back and finish your story!â€™ Alice called after it; and the
";St. Paul
20171121;arson;"one end to the other: the Duchess was sitting on a three-legged stool in
";New York City
20171121;theft;"The twelve jurors were all writing very busily on slates. â€˜What are they
";Paterson
20171121;fraud;"arms, took the hookah out of its mouth again, and said, â€˜So you think
";New York City
20171122;bribery;"â€˜important--unimportant--unimportant--important--â€™ as if he were trying
";Killeen
20171122;robbery;"Alice)--â€˜and perhaps you were never even introduced to a lobster--â€™
";Fayetteville
20171122;murder;"           (WITH ALICEâ€™S LOVE).
";Madison
20171122;fraud;"
";Kalamazoo
20171123;robbery;"rope--Will the roof bear?--Mind that loose slate--Oh, itâ€™s coming
";Sunnyvale
20171123;fraud;"â€˜It must be a very pretty dance,â€™ said Alice timidly.
";Pomona
20171123;bribery;"shoulders got to? And oh, my poor hands, how is it I canâ€™t see you?â€™
";Westminster
20171123;smuggling;"
";Appleton
20171123;blackmail;"â€˜Get to your places!â€™ shouted the Queen in a voice of thunder, and
";Ocala
20171124;murder;"There were doors all round the hall, but they were all locked; and when
";Ocala
20171124;bribery;"slate with one finger, as he found it made no mark; but he now hastily
";Seattle
20171124;fraud;"all. I neednâ€™t be afraid of them!â€™
";Wilmington
20171124;assault;"
";Sioux Falls
20171124;bribery;"him,) â€˜Iâ€™ll give him sixpence. _I_ donâ€™t believe thereâ€™s an atom of
";Akron
20171125;smuggling;"
";Monroe
20171126;murder;"
";Port Orange
20171126;murder;"Alice,) â€˜Well, I hardly know--No more, thank ye; Iâ€™m better now--but Iâ€™m
";Hemet
20171126;theft;"it: she could see it quite plainly through the glass, and she tried her
";Salem
20171126;arson;"
";Hollywood
20171127;fraud;"Alice,) â€˜Well, I hardly know--No more, thank ye; Iâ€™m better now--but Iâ€™m
";Cedar Rapids
20171127;fraud;"    Exactly as we were.
";Bakersfield
20171127;robbery;"possibly hear you.â€™ And certainly there was a most extraordinary noise
";Chicago
20171127;theft;"â€˜Would you like to see a little of it?â€™ said the Mock Turtle.
";Sacramento
20171127;blackmail;"worse. You MUST have meant some mischief, or else youâ€™d have signed your
";Miramar
20171128;theft;"Alice, who felt ready to sink into the earth. At last the Gryphon said
";Santa Clarita
20171128;fraud;"shouldnâ€™t be hungry for it, you know.â€™
";Ann Arbor
20171128;arson;"â€˜Oh, Iâ€™ve had such a curious dream!â€™ said Alice, and she told her
";Huntington
20171128;murder;"bend, I think?â€™
";Topeka
20171128;theft;"and was just going to leave the room, when her eye fell upon a little
";Providence
20171130;smuggling;"bank, and of having nothing to do: once or twice she had peeped into the
";Lewisville
20171130;assault;"diamonds, and walked two and two, as the soldiers did. After these came
";Dallas
20171130;fraud;"
";Saint Petersburg
20171130;arson;"â€˜Iâ€™m getting tired of this. I vote the young lady tells us a story.â€™
";Hayward
20171202;bribery;"â€˜But what am I to do?â€™ said Alice.
";Baltimore
20171202;robbery;"
";Salinas
20171202;theft;"like the three gardeners, but she could not remember ever having heard
";Youngstown
20171202;bribery;"Next came an angry voice--the Rabbitâ€™s--â€˜Pat! Pat! Where are you?â€™ And
";Tuscaloosa
20171203;murder;"grow up, Iâ€™ll write one--but Iâ€™m grown up now,â€™ she added in a sorrowful
";Yakima
20171203;assault;"alternately without a momentâ€™s pause. The only things in the kitchen
";Springdale
20171203;bribery;"There was not a moment to be lost: away went Alice like the wind, and
";Peoria
20171204;assault;"and broke to pieces against one of the trees behind him.
";Killeen
20171204;bribery;"
";Carrollton
20171205;theft;"â€˜Itâ€™s a pun!â€™ the King added in an offended tone, and everybody laughed,
";Greensboro
20171205;assault;"   â€˜You are old,â€™ said the youth, â€˜as I mentioned before,
";Fort Wayne
20171205;smuggling;"â€˜I never saw one, or heard of one,â€™ said Alice.
";Irving
20171205;theft;"she succeeded in getting its body tucked away, comfortably enough, under
";Richmond
20171205;murder;"an agony of terror. â€˜Oh, there goes his PRECIOUS noseâ€™; as an unusually
";Providence
20171206;robbery;"murder to leave it behind?â€™ She said the last words out loud, and the
";Scranton
20171206;theft;"which produced another dead silence.
";Lexington
20171206;blackmail;"   â€˜They told me you had been to her,
";Aurora
20171206;fraud;"her, to pass away the time.
";Scranton
20171206;theft;"to ask.
";Toledo
20171208;smuggling;"   â€˜You are old,â€™ said the youth, â€˜as I mentioned before,
";Vero Beach
20171208;murder;"fire, and at once set to work throwing everything within her reach at
";Norman
20171208;murder;"replied; â€˜and then the different branches of Arithmetic--Ambition,
";Fairfield
20171208;theft;"forepaws to mark the time, while the Mock Turtle sang this, very slowly
";Baltimore
20171209;arson;"got much evidence YET,â€™ she said to herself. Imagine her surprise, when
";Santa Cruz
20171211;theft;"trial done,â€™ she thought, â€˜and hand round the refreshments!â€™ But there
";Visalia
20171211;robbery;"
";Gulfport-Biloxi
20171211;robbery;"
";Athens
20171212;robbery;"All this time the Queen had never left off staring at the Hatter, and,
";Baton Rouge
20171212;assault;"the trees, a little sharp bark just over her head made her look up in a
";Odessa
20171212;robbery;"savage when they met in the kitchen.
";Nashville
20171212;theft;"from the roof.
";Cleveland
20171212;fraud;"Next came an angry voice--the Rabbitâ€™s--â€˜Pat! Pat! Where are you?â€™ And
";Chula Vista
20171213;assault;"conversations?â€™
";Round Lake Beach
20171213;theft;"
";Pueblo
20171213;smuggling;"the royal children, and everybody else.
";Orlando
20171215;theft;"there WAS no one listening, this time, as it didnâ€™t sound at all the
";Corona
20171215;assault;"be growing small again.â€™ She got up and went to the table to measure
";North Charleston
20171216;robbery;"desperate that she was ready to ask help of any one; so, when the Rabbit
";Richmond County
20171217;robbery;"
";Boston
20171217;robbery;"were nowhere to be found: all she could see, when she looked down, was
";Orlando
20171217;bribery;"â€˜It was the BEST butter,â€™ the March Hare meekly replied.
";McAllen
20171217;arson;"walking by the White Rabbit, who was peeping anxiously into her face.
";Fargo
20171219;arson;"
";Newport News
20171219;murder;"that cats COULD grin.â€™
";Marina
20171219;blackmail;"well without--Maybe itâ€™s always pepper that makes people hot-tempered,â€™
";Harlingen
20171219;assault;"   And yet you incessantly stand on your head--
";Fort Walton Beach
20171220;theft;"they would die.
";Kissimmee
20171220;theft;"straightening itself out again, so that altogether, for the first minute
";Nashua
20171220;assault;"two.
";Merced
20171220;blackmail;"â€˜Why, what are YOUR shoes done with?â€™ said the Gryphon. â€˜I mean, what
";Palm Springs
20171221;bribery;"â€˜Sheâ€™s in prison,â€™ the Queen said to the executioner: â€˜fetch her here.â€™
";Lorain
20171222;assault;"
";Coral Springs
20171222;smuggling;"mushroom, and her eyes immediately met those of a large caterpillar,
";Las Vegas
20171223;arson;"canâ€™t prove I did: thereâ€™s no name signed at the end.â€™
";Escondido
20171223;assault;"
";Roanoke
20171224;murder;"
";Akron
20171224;smuggling;"Fainting in Coils.â€™
";Pompano Beach
20171225;bribery;"a-piece all round.
";St. Paul
20171225;bribery;"Alice opened the door and found that it led into a small passage, not
";Chattanooga
20171226;bribery;"â€˜Never mind!â€™ said the King, with an air of great relief. â€˜Call the next
";Norfolk
20171227;theft;"silence, and then another confusion of voices--â€˜Hold up his head--Brandy
";Chicago
20171227;robbery;"
";Raleigh
20171229;robbery;"head. â€˜If I eat one of these cakes,â€™ she thought, â€˜itâ€™s sure to make
";Tempe
20171229;fraud;"
";Antioch
20171229;fraud;"â€˜Why,â€™ said the Gryphon, â€˜you first form into a line along the
";Spokane
20171229;robbery;"â€˜Serpent, I say again!â€™ repeated the Pigeon, but in a more subdued tone,
";West Covina
20171231;murder;"short remarks, and she drew herself up and said, very gravely, â€˜I think,
";Glendale
20171231;theft;"getâ€ is the same thing as â€œI get what I likeâ€!â€™
";Huntington Beach
20171231;fraud;"The door led right into a large kitchen, which was full of smoke from
";Honolulu
20171231;blackmail;"â€˜You are,â€™ said the King.
";Yonkers
20171231;blackmail;"
";Pomona
20180101;blackmail;"
";Frederick
20180101;theft;"as all that.â€™
";Houston
20180102;robbery;"  When the pie was all finished, the Owl, as a boon,
";Las Cruces
20180103;theft;"So they began solemnly dancing round and round Alice, every now and
";Fort Lauderdale
20180104;smuggling;"age knew the meaning of it at all. However, â€˜jury-menâ€™ would have done
";Reno
20180104;blackmail;"It was, no doubt: only Alice did not like to be told so. â€˜Itâ€™s really
";Lakeland
20180104;smuggling;"
";Cathedral City
20180105;blackmail;"to be, from one minute to another! However, Iâ€™ve got back to my right
";Canton
20180105;arson;"â€˜But I donâ€™t want to go among mad people,â€™ Alice remarked.
";Scranton
20180105;murder;" Will you, wonâ€™t you, will you, wonâ€™t you, will you join the dance?
";Sioux City
20180106;bribery;"daughter â€˜Ah, my dear! Let this be a lesson to you never to lose
";Cambridge
20180106;blackmail;"fond of beheading people here; the great wonder is, that thereâ€™s any one
";Orlando
20180106;robbery;"    Exactly as we were.
";Wilmington
20180106;bribery;"
";Utica
20180106;murder;"possibly hear you.â€™ And certainly there was a most extraordinary noise
";Tempe
20180107;bribery;"great emphasis, looking hard at Alice as he said do.
";Ann Arbor
20180108;assault;"
";Saint Petersburg
20180108;murder;"
";New Bedford
20180108;bribery;"began again, using the ink, that was trickling down his face, as long as
";Chattanooga
20180108;blackmail;"â€˜Of course not,â€™ said the Mock Turtle: â€˜why, if a fish came to ME, and
";Evansville
20180108;smuggling;"Then they both bowed low, and their curls got entangled together.
";St. Louis
20180110;robbery;"          to
";Charleston
20180110;arson;"â€˜Nothing,â€™ said Alice.
";Flint
20180110;arson;"â€˜Nothing whatever,â€™ said Alice.
";Hialeah
20180110;bribery;"
";Barnstable
20180110;blackmail;"know.â€™
";Corpus Christi
20180111;assault;"about two feet high: even then she walked up towards it rather timidly,
";Harlingen
20180111;blackmail;"in the direction it pointed to, without trying to explain the mistake it
";San Francisco
20180111;robbery;"â€˜Oh, Iâ€™ve had such a curious dream!â€™ said Alice, and she told her
";Bonita Springs
20180113;bribery;"â€˜How the creatures order one about, and make one repeat lessons!â€™
";Danbury
20180113;theft;"â€˜EAT MEâ€™ were beautifully marked in currants. â€˜Well, Iâ€™ll eat it,â€™ said
";Portsmouth
20180113;theft;"The Queen turned crimson with fury, and, after glaring at her for a
";Sarasota
20180113;robbery;"door, staring stupidly up into the sky.
";Stamford
20180113;fraud;"theirs, and the small ones choked and had to be patted on the back.
";Lincoln
20180114;fraud;"whether it would like the name: however, it only grinned a little wider.
";Beaumont
20180114;bribery;"
";Lancaster
20180114;theft;"
";Kansas City
20180114;robbery;"
";Philadelphia
20180114;robbery;"â€˜I should like to have it explained,â€™ said the Mock Turtle.
";Reno
20180115;arson;"like a mouse, you know. But do cats eat bats, I wonder?â€™ And here Alice
";San Buenaventura
20180115;bribery;"Here the other guinea-pig cheered, and was suppressed.
";Marysville
20180115;fraud;"The Dormouse slowly opened his eyes. â€˜I wasnâ€™t asleep,â€™ he said in a
";Yakima
20180115;fraud;"King put on his spectacles and looked anxiously round, to make out who
";Bryan
20180117;theft;"MORE than nothing.â€™
";San Diego
20180117;bribery;"by another footman in livery, with a round face, and large eyes like a
";Reno
20180117;smuggling;"
";Knoxville
20180117;fraud;"half-past one as long as you liked.â€™
";Baton Rouge
20180118;bribery;"Alice replied eagerly, for she was always ready to talk about her pet:
";Boise
20180118;arson;"on. â€˜Or would you like the Mock Turtle to sing you a song?â€™
";Bradenton
20180118;theft;"too much frightened to say a word, but slowly followed her back to the
";Honolulu
20180118;assault;"of tiny white kid gloves: she took up the fan and a pair of the gloves,
";Punta Gorda
20180120;fraud;"and weâ€™ve no time to wash the things between whiles.â€™
";Salt Lake City
20180120;murder;"â€˜You MUST remember,â€™ remarked the King, â€˜or Iâ€™ll have you executed.â€™
";Yonkers
20180121;smuggling;"
";Concord
20180121;assault;"canâ€™t think! And oh, I wish you could see her after the birds! Why,
";Vancouver
20180122;theft;"soldiers remaining behind to execute the unfortunate gardeners, who ran
";Fontana
20180123;fraud;"
";Shreveport
20180123;assault;"â€˜They lived on treacle,â€™ said the Dormouse, after thinking a minute or
";Killeen
20180123;assault;"a procession,â€™ thought she, â€˜if people had all to lie down upon their
";Fort Worth
20180124;smuggling;"
";Murfreesboro
20180124;robbery;"â€˜Perhaps it hasnâ€™t one,â€™ Alice ventured to remark.
";Vancouver
20180124;fraud;"â€˜I think I should understand that better,â€™ Alice said very politely, â€˜if
";Hesperia
20180125;robbery;"
";Lubbock
20180125;smuggling;"This did not seem to encourage the witness at all: he kept shifting
";Palm Springs
20180125;theft;"anything but sit with its mouth open, gazing up into the roof of the
";Reno
20180125;bribery;"as the Rabbit, and had no reason to be afraid of it.
";Elk Grove
20180126;assault;"
";Pasadena
20180126;bribery;"looking for it, while the rest of the party went back to the game.
";Columbia
20180126;smuggling;"about the whiting!â€™
";Fresno
20180127;theft;"March Hare.
";Portsmouth
20180127;bribery;"
";Marina
20180127;arson;"and he went on in these words:
";Denver
20180127;fraud;"on better.â€™
";Bradenton
20180127;murder;"
";Bel Air
20180128;assault;"saying, in a solemn tone, â€˜For the Duchess. An invitation from the Queen
";Corona
20180129;bribery;"the door opened inwards, and Aliceâ€™s elbow was pressed hard against it,
";Boston
20180129;blackmail;"â€˜Not yet, not yet!â€™ the Rabbit hastily interrupted. â€˜Thereâ€™s a great
";Clarksville
20180129;robbery;"    Do you think, at your age, it is right?â€™
";Hemet
20180129;smuggling;"â€˜Begin at the beginning,â€™ the King said gravely, â€˜and go on till you
";Hartford
20180130;smuggling;"tell me, please, which way I ought to go from here?â€™
";Bridgeport
20180131;assault;"â€˜Not at first, perhaps,â€™ said the Hatter: â€˜but you could keep it to
";Boise City
20180131;robbery;"
";Coral Springs
20180131;arson;"and very soon had to kneel down on the floor: in another minute there
";Davidson County
20180131;murder;"she thought of herself, â€˜I wish the creatures wouldnâ€™t be so easily
";San Buenaventura
20180201;smuggling;"The King laid his hand upon her arm, and timidly said â€˜Consider, my
";Seattle
20180201;bribery;"
";Baton Rouge
20180201;murder;"hookah into its mouth and began smoking again.
";North Port
20180202;fraud;"Alice opened the door and found that it led into a small passage, not
";Johnson City
20180202;theft;"
";Waco
20180202;robbery;"Just at this moment Alice felt a very curious sensation, which puzzled
";Las Vegas
20180202;theft;"
";Lewisville
20180202;blackmail;"same as they used to do:--
";Huntington
20180203;arson;"â€˜You couldnâ€™t have wanted it much,â€™ said Alice; â€˜living at the bottom of
";Modesto
20180203;robbery;"then treading on her toes when they passed too close, and waving their
";Bryan
20180203;murder;"
";Normal
20180204;blackmail;"
";South Bend
20180204;assault;"and very soon had to kneel down on the floor: in another minute there
";Normal
20180206;assault;"best to climb up one of the legs of the table, but it was too slippery;
";Duluth
20180206;assault;"
";Columbia
20180208;arson;"about half no time! Take your choice!â€™
";Asheville
20180209;theft;"the March Hare.
";Lubbock
20180209;fraud;"deal to come before that!â€™
";Olathe
20180209;murder;"â€˜Then the words donâ€™t FIT you,â€™ said the King, looking round the court
";Kalamazoo
20180209;murder;"
";Boise
20180209;bribery;"Luckily for Alice, the little magic bottle had now had its full effect,
";Miami
20180210;theft;"
";Visalia
20180210;theft;"â€˜Itâ€™s a pun!â€™ the King added in an offended tone, and everybody laughed,
";Birmingham
20180211;theft;"
";Hesperia
20180212;arson;"
";Lorain
20180213;robbery;"â€˜Itâ€™s the thing Mock Turtle Soup is made from,â€™ said the Queen.
";Brownsville
20180213;fraud;"of hers that you have just been reading about; and when she had
";Lafayette
20180213;blackmail;"a doze; but, on being pinched by the Hatter, it woke up again with
";Fresno
20180213;smuggling;"
";Indianapolis
20180214;murder;"
";Gilbert
20180214;murder;"
";Scottsdale
20180214;arson;"kiss my hand if it likes.â€™
";Joliet
20180215;murder;"The baby grunted again, and Alice looked very anxiously into its face to
";Lexington
20180215;smuggling;"
";Fort Wayne
20180215;theft;"year it is?â€™
";Kailua
20180215;robbery;"youâ€™d better ask HER about it.â€™
";St. Petersburg
20180216;fraud;"â€˜Well, I shanâ€™t go, at any rate,â€™ said Alice: â€˜besides, thatâ€™s not a
";Reading
20180216;smuggling;"wondering very much what would happen next.
";Erie
20180216;bribery;"
";Laredo
20180218;smuggling;"hastily, for the White Rabbit cried out, â€˜Silence in the court!â€™ and the
";Detroit
20180218;blackmail;"    *    *    *    *    *    *
";Temecula
20180220;robbery;"do well enough; donâ€™t be particular--Here, Bill! catch hold of this
";Elizabeth
20180220;arson;"
";Fairfield
20180220;fraud;"just as the Dormouse crossed the court, she said to one of the officers
";Clearwater
20180221;fraud;"doing?â€™ Alice whispered to the Gryphon. â€˜They canâ€™t have anything to put
";Hampton
20180221;theft;"thing before, and he wasnâ€™t going to begin at HIS time of life.
";Gastonia
20180221;bribery;"theirs, and the small ones choked and had to be patted on the back.
";Indianapolis
20180222;blackmail;"birds hurried off at once: one old Magpie began wrapping itself up very
";Albuquerque
20180224;assault;"Then they both bowed low, and their curls got entangled together.
";Westminster
20180224;smuggling;"
";North Las Vegas
20180224;fraud;"for this curious child was very fond of pretending to be two people.
";Augusta
20180225;assault;"
";Rancho Cucamonga
20180225;blackmail;"tone. â€˜Nobody seems to like her, down here, and Iâ€™m sure sheâ€™s the best
";Norwalk
20180225;murder;"
";Pompano Beach
20180227;smuggling;"
";Kissimmee
20180227;fraud;"behind it was a little door about fifteen inches high: she tried the
";Savannah
20180227;arson;"accident, all except the Lizard, who seemed too much overcome to do
";Trenton
20180227;murder;"     Beau--ootiful Soo--oop!
";Visalia
20180228;smuggling;"sight, they were getting so far off). â€˜Oh, my poor little feet, I wonder
";Cincinnati
20180228;assault;"
";Frederick
20180302;arson;"
";Modesto
20180302;assault;"    Involved in this affair,
";Jefferson
20180302;murder;"â€˜Shall we try another figure of the Lobster Quadrille?â€™ the Gryphon went
";Bel Air
20180303;theft;"
";Ocala
20180304;blackmail;"
";Fort Worth
20180305;blackmail;"that used to come once a week: HE taught us Drawling, Stretching, and
";Spartanburg
20180305;robbery;"
";Charlotte
20180305;arson;"â€˜I quite agree with you,â€™ said the Duchess; â€˜and the moral of that
";Cary
20180305;smuggling;"says it kills all the rats and--oh dear!â€™ cried Alice in a sorrowful
";Utica
20180307;bribery;"The long grass rustled at her feet as the White Rabbit hurried by--the
";Hemet
20180308;robbery;"down again into its nest. Alice crouched down among the trees as well as
";Burlington
20180309;arson;"it, â€˜and what is the use of a book,â€™ thought Alice â€˜without pictures or
";Moreno Valley
20180309;bribery;"herself in a long, low hall, which was lit up by a row of lamps hanging
";Vancouver
20180309;theft;"authority over Alice.
";Jackson
20180310;smuggling;"YOU must cross-examine the next witness. It quite makes my forehead
";Knoxville
20180310;arson;"on the table. â€˜Nothing can be clearer than THAT. Then again--â€œBEFORE SHE
";Berkeley
20180311;bribery;"
";Dallas
20180311;theft;"the Duchess and the baby--the fire-irons came first; then followed a
";Evansville
20180311;arson;"
";Garden Grove
20180311;murder;"
";Winter Haven
20180312;smuggling;"â€˜Very,â€™ said Alice: â€˜--whereâ€™s the Duchess?â€™
";Erie
20180313;blackmail;"
";Medford
20180313;fraud;"perhaps after all it might tell her something worth hearing. For some
";Durham
20180313;blackmail;"An enormous puppy was looking down at her with large round eyes, and
";Greensboro
20180314;murder;"tone, â€˜Iâ€™m afraid Iâ€™ve offended it again!â€™ For the Mouse was swimming
";Baltimore
20180315;arson;"The King and Queen of Hearts were seated on their throne when they
";Abilene
20180316;arson;"â€˜We must burn the house down!â€™ said the Rabbitâ€™s voice; and Alice called
";Portsmouth
20180316;theft;"â€˜And ever since that,â€™ the Hatter went on in a mournful tone, â€˜he wonâ€™t
";Costa Mesa
20180316;murder;"
";Naples
20180316;murder;"
";Tampa
20180317;fraud;"
";Frederick
20180318;murder;"
";Austin
20180319;robbery;"passion. She had already heard her sentence three of the players to be
";Odessa
20180319;blackmail;"â€˜You might just as well say,â€™ added the Dormouse, who seemed to be
";Reading
20180319;blackmail;"
";Buffalo
20180319;blackmail;"croquet with the Queen,â€™ and she hurried out of the room. The cook threw
";Manchester
20180319;murder;"away. â€˜You insult me by talking such nonsense!â€™
";Fort Collins
20180320;smuggling;"â€˜Stand up and repeat â€œâ€˜TIS THE VOICE OF THE SLUGGARD,â€â€™ said the
";Portland
20180320;blackmail;"Alice started to her feet, for it flashed across her mind that she had
";Long Beach
20180320;arson;"doesnâ€™t like changing so often, you know.â€™
";Ocala
20180320;bribery;"  And concluded the banquet--]
";Murfreesboro
20180321;assault;"â€˜Of course,â€™ the Mock Turtle said: â€˜advance twice, set to partners--â€™
";Washington
20180321;assault;"funny watch!â€™ she remarked. â€˜It tells the day of the month, and doesnâ€™t
";Saginaw
20180321;robbery;"â€˜Begin at the beginning,â€™ the King said gravely, â€˜and go on till you
";Winter Haven
20180322;arson;"little histories about children who had got burnt, and eaten up by wild
";Joliet
20180323;smuggling;"hands on her lap as if she were saying lessons, and began to repeat it,
";Rancho Cucamonga
20180324;smuggling;"jumping merrily along hand in hand, in couples: they were all ornamented
";Dayton
20180324;blackmail;"
";Harrisburg
20180324;smuggling;"
";Jacksonville
20180325;murder;"â€˜Youâ€™ll see me there,â€™ said the Cat, and vanished.
";Lake Charles
20180325;blackmail;"
";Carrollton
20180325;theft;"sat down and cried.
";Toledo
20180325;fraud;"corners: next the ten courtiers; these were ornamented all over with
";Coral Springs
20180327;robbery;"
";Providence
20180328;assault;"     Beau--ootiful Soo--oop!
";Lansing
20180329;smuggling;"   â€˜They told me you had been to her,
";Lancaster
20180329;murder;"   Waiting in a hot tureen!
";Duluth
20180329;theft;"
";Syracuse
20180329;murder;"bats eat cats?â€™ for, you see, as she couldnâ€™t answer either question,
";Odessa
20180329;smuggling;"â€˜Give your evidence,â€™ said the King; â€˜and donâ€™t be nervous, or Iâ€™ll have
";Bryan
20180330;murder;"was not a VERY good opportunity for showing off her knowledge, as there
";Oceanside
20180330;theft;"
";Detroit
20180330;theft;"
";York
20180330;robbery;"â€˜Come on, then!â€™ roared the Queen, and Alice joined the procession,
";Lakewood
20180331;arson;"â€˜Only a thimble,â€™ said Alice sadly.
";Coral Springs
20180331;robbery;"you,â€™ (she might well say this), â€˜to go on crying in this way! Stop this
";Wilmington
20180331;blackmail;"
";Garland
20180331;bribery;"By this time she had found her way into a tidy little room with a table
";Port Arthur
20180331;smuggling;"MORE than nothing.â€™
";Bradenton
20180401;bribery;"two reasons. First, because Iâ€™m on the same side of the door as you
";Springfield
20180401;fraud;"
";Grayslake
20180401;arson;"the three gardeners, oblong and flat, with their hands and feet at the
";Bakersfield
20180401;fraud;"â€˜Why did you call him Tortoise, if he wasnâ€™t one?â€™ Alice asked.
";Melbourne
20180402;theft;"to herself, â€˜whenever I eat or drink anything; so Iâ€™ll just see what
";Gastonia
20180402;assault;"for the moment she quite forgot how to speak good English); â€˜now Iâ€™m
";Ogden
20180402;assault;"â€˜That WAS a narrow escape!â€™ said Alice, a good deal frightened at the
";Portsmouth
20180402;robbery;"
";Naperville
20180402;arson;"Alice was not much surprised at this, she was getting so used to queer
";Naples
20180403;robbery;"the Duchess said after a pause: â€˜the reason is, that Iâ€™m doubtful about
";Roseville
20180404;robbery;"Rabbit, jumping up in a great hurry; â€˜this paper has just been picked
";Orange
20180404;theft;"said Alice, in a coaxing tone, and she tried hard to whistle to it; but
";Murfreesboro
20180404;assault;"â€˜This here young lady,â€™ said the Gryphon, â€˜she wants for to know your
";Santa Maria
20180404;arson;"â€˜Not at all,â€™ said Alice: â€˜sheâ€™s so extremely--â€™ Just then she noticed
";South Bend
20180406;robbery;"â€˜Oh, you canâ€™t help that,â€™ said the Cat: â€˜weâ€™re all mad here. Iâ€™m mad.
";Clearwater
20180407;robbery;"you know!â€™
";Newport News
20180407;fraud;"
";Hollywood
20180407;blackmail;"wood for fear of their hearing her; and when she next peeped out the
";Fargo
20180407;bribery;"â€˜Call the next witness!â€™ said the King.
";Eugene
20180408;smuggling;"There was a general clapping of hands at this: it was the first really
";Daytona Beach
20180408;bribery;"anxiously about as it went, as if it had lost something; and she heard
";Newark
20180408;arson;"them bitter--and--and barley-sugar and such things that make children
";Akron
20180410;murder;"leaves: â€˜I should have liked teaching it tricks very much, if--if Iâ€™d
";Lorain
20180410;robbery;"I should frighten them out of their wits!â€™ So she began nibbling at the
";Bloomington
20180410;blackmail;"â€˜That depends a good deal on where you want to get to,â€™ said the Cat.
";Round Lake Beach
20180410;arson;"its head impatiently, and walked a little quicker.
";Santa Ana
20180411;robbery;"â€˜Mine is a long and a sad tale!â€™ said the Mouse, turning to Alice, and
";Huntington
20180412;theft;"â€˜It all came different!â€™ the Mock Turtle repeated thoughtfully. â€˜I
";Monterey
20180413;murder;"
";New Orleans
20180414;arson;"go down the chimney!â€™
";San Jose
20180414;blackmail;"little way forwards each time and a long way back, and barking hoarsely
";Clarke County
20180414;murder;"â€˜--so long as I get SOMEWHERE,â€™ Alice added as an explanation.
";Davidson County
20180414;fraud;"silence, and then another confusion of voices--â€˜Hold up his head--Brandy
";Myrtle Beach
20180414;blackmail;"        judge, Iâ€™ll
";Mesquite
20180415;murder;"
";Kansas City
20180417;murder;"aloud; and in another moment it was out of sight.
";Winter Haven
20180417;smuggling;"â€˜Iâ€™m getting tired of this. I vote the young lady tells us a story.â€™
";Columbia
20180417;arson;"Alice, she went on, â€˜Whatâ€™s your name, child?â€™
";Clarke County
20180417;bribery;"
";San Diego
20180418;assault;"in the common way.
";Corona
20180418;assault;"
";Hialeah
20180418;assault;"â€˜How do you like the Queen?â€™ said the Cat in a low voice.
";Port St. Lucie
20180419;arson;"
";Fort Collins
20180419;assault;"out here? Run home this moment, and fetch me a pair of gloves and a fan!
";Pittsburgh
20180419;bribery;"â€˜How do you know Iâ€™m mad?â€™ said Alice.
";Poughkeepsie
20180420;theft;"that was sitting on the top with its arms folded, quietly smoking a long
";San Jose
20180420;blackmail;"being drowned in my own tears! That WILL be a queer thing, to be sure!
";Lansing
20180420;assault;"So she swallowed one of the cakes, and was delighted to find that she
";Panama City
20180420;robbery;"contempt. â€˜Iâ€™ve seen a good many little girls in my time, but never ONE
";Fitchburg
20180421;fraud;"
";Odessa
20180421;blackmail;"
";Hemet
20180421;assault;"time.) â€˜Youâ€™re nothing but a pack of cards!â€™
";Tuscaloosa
20180422;assault;"â€˜Exactly so,â€™ said Alice.
";Port Arthur
20180422;blackmail;"about the reason and all that,â€™ he said to the Gryphon.
";Madison
20180422;arson;"
";Naperville
20180424;arson;"
";New York
20180425;arson;"simply--â€œNever imagine yourself not to be otherwise than what it might
";Louisville
20180425;robbery;"resting in the shade: however, the moment they saw her, they hurried
";San Francisco
20180425;blackmail;"
";Chula Vista
20180425;robbery;"   Do you think I can listen all day to such stuff?
";Hesperia
20180425;bribery;"thing is to find my way into that lovely garden. I think that will be
";Thousand Oaks
20180426;smuggling;"straightening itself out again, so that altogether, for the first minute
";Trenton
20180426;assault;"â€˜But about his toes?â€™ the Mock Turtle persisted. â€˜How COULD he turn them
";New Bedford
20180426;theft;"â€˜What did they draw?â€™ said Alice, quite forgetting her promise.
";Danbury
20180427;fraud;"carefully, remarking, â€˜I really must be getting home; the night-air
";West Valley City
20180427;theft;"shouting â€˜Off with his head!â€™ or â€˜Off with her head!â€™ about once in a
";Mobile
20180427;blackmail;"deep and reaching half down the hall.
";Laredo
20180427;arson;"
";Leominster
20180427;murder;"â€˜Only a thimble,â€™ said Alice sadly.
";St. Petersburg
20180428;murder;"wag my tail when Iâ€™m angry. Therefore Iâ€™m mad.â€™
";Appleton
20180428;fraud;"Alice glanced rather anxiously at the cook, to see if she meant to take
";Memphis
20180428;assault;"sea-shore--â€™
";Hickory
20180428;arson;"remained some time after the rest of it had gone.
";Denton
20180428;blackmail;"other side of the court.
";Lorain
20180429;murder;"(she was obliged to say â€˜creatures,â€™ you see, because some of them were
";Toledo
20180430;murder;"â€˜But what am I to do?â€™ said Alice.
";Spokane
20180430;robbery;"â€˜And how did you manage on the twelfth?â€™ Alice went on eagerly.
";Trenton
20180430;bribery;"
";Garden Grove
20180430;fraud;"â€˜Why not?â€™ said the March Hare.
";Houma
20180430;assault;"
";Fontana
20180501;assault;"be NO mistake about it: it was neither more nor less than a pig, and she
";Trenton
20180115;murder;"Security footage shows that there were 2 witnesses. The first witness lives at the last house on ""Northwestern Dr"". The second witness, named Annabel, lives somewhere on ""Franklin Ave"".";SQL City
